time_iso,id4_deg,id5_deg,id6_deg,id4_ticks,id5_ticks,id6_ticks
2025-10-25T16:15:40.751,165.058594,180.087891,179.824219,1878,2049,2046
2025-10-25T16:15:40.799,165.058594,180.087891,179.824219,1878,2049,2046
2025-10-25T16:15:40.847,165.146484,180.087891,179.912109,1879,2049,2047
2025-10-25T16:15:40.895,165.058594,180.087891,179.824219,1878,2049,2046
2025-10-25T16:15:40.943,165.058594,180.087891,179.824219,1878,2049,2046
2025-10-25T16:15:40.991,165.058594,180.087891,179.824219,1878,2049,2046
2025-10-25T16:15:41.039,165.058594,180.087891,179.824219,1878,2049,2046
2025-10-25T16:15:41.087,165.058594,180.087891,179.824219,1878,2049,2046
2025-10-25T16:15:41.135,165.058594,180.087891,179.824219,1878,2049,2046
2025-10-25T16:15:41.183,165.058594,180.087891,179.824219,1878,2049,2046
2025-10-25T16:15:41.231,165.058594,180.087891,179.824219,1878,2049,2046
2025-10-25T16:15:41.279,165.058594,180.175781,179.824219,1878,2050,2046
2025-10-25T16:15:41.327,164.267578,180.175781,179.824219,1869,2050,2046
2025-10-25T16:15:41.375,163.300781,180.087891,179.824219,1858,2049,2046
2025-10-25T16:15:41.423,162.070312,180.087891,179.824219,1844,2049,2046
2025-10-25T16:15:41.471,161.015625,180.087891,179.824219,1832,2049,2046
2025-10-25T16:15:41.519,160.224609,180.087891,179.824219,1823,2049,2046
2025-10-25T16:15:41.567,159.785156,180.087891,179.824219,1818,2049,2046
2025-10-25T16:15:41.615,159.609375,180.087891,179.824219,1816,2049,2046
2025-10-25T16:15:41.663,159.609375,180.087891,179.824219,1816,2049,2046
2025-10-25T16:15:41.711,159.697266,180.087891,179.824219,1817,2049,2046
2025-10-25T16:15:41.759,159.169922,180.087891,179.824219,1811,2049,2046
2025-10-25T16:15:41.807,158.378906,180.087891,179.824219,1802,2049,2046
2025-10-25T16:15:41.855,157.324219,180.087891,179.824219,1790,2049,2046
2025-10-25T16:15:41.903,156.533203,180.087891,179.824219,1781,2049,2046
2025-10-25T16:15:41.951,156.621094,180.087891,179.824219,1782,2049,2046
2025-10-25T16:15:41.999,156.621094,180.087891,179.824219,1782,2049,2046
2025-10-25T16:15:42.047,156.181641,180.087891,179.824219,1777,2049,2046
2025-10-25T16:15:42.095,155.917969,180.000000,180.175781,1774,2048,2050
2025-10-25T16:15:42.143,156.005859,179.648438,180.263672,1775,2044,2051
2025-10-25T16:15:42.191,156.533203,179.648438,180.263672,1781,2044,2051
2025-10-25T16:15:42.239,156.884766,179.648438,180.263672,1785,2044,2051
2025-10-25T16:15:42.287,157.587891,179.560547,180.263672,1793,2043,2051
2025-10-25T16:15:42.335,158.378906,179.472656,180.263672,1802,2042,2051
2025-10-25T16:15:42.383,159.257812,179.472656,180.263672,1812,2042,2051
2025-10-25T16:15:42.431,160.312500,179.472656,180.263672,1824,2042,2051
2025-10-25T16:15:42.479,161.279297,179.384766,180.351562,1835,2041,2052
2025-10-25T16:15:42.527,162.509766,179.208984,180.351562,1849,2039,2052
2025-10-25T16:15:42.575,163.916016,178.857422,180.351562,1865,2035,2052
2025-10-25T16:15:42.623,164.970703,178.330078,180.351562,1877,2029,2052
2025-10-25T16:15:42.671,166.025391,177.451172,180.351562,1889,2019,2052
2025-10-25T16:15:42.719,166.728516,176.132812,180.351562,1897,2004,2052
2025-10-25T16:15:42.767,167.431641,174.111328,180.351562,1905,1981,2052
2025-10-25T16:15:42.815,167.958984,171.474609,180.351562,1911,1951,2052
2025-10-25T16:15:42.863,168.486328,168.486328,180.527344,1917,1917,2054
2025-10-25T16:15:42.911,169.013672,165.673828,180.878906,1923,1885,2058
2025-10-25T16:15:42.959,169.628906,164.091797,181.933594,1930,1867,2070
2025-10-25T16:15:43.007,170.068359,163.037109,183.427734,1935,1855,2087
2025-10-25T16:15:43.055,170.507812,162.685547,184.658203,1940,1851,2101
2025-10-25T16:15:43.103,171.123047,162.597656,185.361328,1947,1850,2109
2025-10-25T16:15:43.151,171.914062,162.597656,185.888672,1956,1850,2115
2025-10-25T16:15:43.199,172.705078,162.597656,186.503906,1965,1850,2122
2025-10-25T16:15:43.247,173.408203,162.509766,187.119141,1973,1849,2129
2025-10-25T16:15:43.295,173.935547,162.246094,187.734375,1979,1846,2136
2025-10-25T16:15:43.343,174.638672,161.718750,188.349609,1987,1840,2143
2025-10-25T16:15:43.391,175.517578,160.664062,189.316406,1997,1828,2154
2025-10-25T16:15:43.439,175.781250,159.169922,190.986328,2000,1811,2173
2025-10-25T16:15:43.487,176.484375,157.324219,193.095703,2008,1790,2197
2025-10-25T16:15:43.535,176.835938,155.039062,195.732422,2012,1764,2227
2025-10-25T16:15:43.583,177.539062,152.578125,198.017578,2020,1736,2253
2025-10-25T16:15:43.631,178.769531,150.644531,199.775391,2034,1714,2273
2025-10-25T16:15:43.679,180.351562,149.414062,201.093750,2052,1700,2288
2025-10-25T16:15:43.727,182.285156,148.886719,202.148438,2074,1694,2300
2025-10-25T16:15:43.775,183.955078,148.886719,203.115234,2093,1694,2311
2025-10-25T16:15:43.823,185.097656,148.886719,203.906250,2106,1694,2320
2025-10-25T16:15:43.871,185.888672,148.886719,204.257812,2115,1694,2324
2025-10-25T16:15:43.919,186.679688,148.886719,204.345703,2124,1694,2325
2025-10-25T16:15:43.967,187.294922,148.798828,204.345703,2131,1693,2325
2025-10-25T16:15:44.015,188.173828,148.886719,204.345703,2141,1694,2325
2025-10-25T16:15:44.063,188.789062,148.798828,204.345703,2148,1693,2325
2025-10-25T16:15:44.111,188.964844,148.886719,204.345703,2150,1694,2325
2025-10-25T16:15:44.159,188.964844,148.886719,204.345703,2150,1694,2325
2025-10-25T16:15:44.207,188.789062,148.886719,204.345703,2148,1694,2325
2025-10-25T16:15:44.255,188.613281,148.886719,204.345703,2146,1694,2325
2025-10-25T16:15:44.303,188.964844,148.798828,204.345703,2150,1693,2325
2025-10-25T16:15:44.351,189.140625,148.886719,204.345703,2152,1694,2325
2025-10-25T16:15:44.399,189.052734,148.886719,204.345703,2151,1694,2325
2025-10-25T16:15:44.447,188.613281,148.798828,204.345703,2146,1693,2325
2025-10-25T16:15:44.495,188.261719,148.798828,204.345703,2142,1693,2325
2025-10-25T16:15:44.543,188.261719,148.886719,204.345703,2142,1694,2325
2025-10-25T16:15:44.591,188.613281,148.886719,203.906250,2146,1694,2320
2025-10-25T16:15:44.639,188.349609,148.798828,203.730469,2143,1693,2318
2025-10-25T16:15:44.687,187.822266,148.271484,203.554688,2137,1687,2316
2025-10-25T16:15:44.735,186.855469,147.128906,202.939453,2126,1674,2309
2025-10-25T16:15:44.783,185.888672,145.546875,201.357422,2115,1656,2291
2025-10-25T16:15:44.831,185.800781,143.701172,198.544922,2114,1635,2259
2025-10-25T16:15:44.879,186.328125,142.207031,194.677734,2120,1618,2215
2025-10-25T16:15:44.927,187.119141,141.152344,190.019531,2129,1606,2162
2025-10-25T16:15:44.975,187.822266,140.712891,185.185547,2137,1601,2107
2025-10-25T16:15:45.023,188.349609,140.712891,180.703125,2143,1601,2056
2025-10-25T16:15:45.071,188.701172,140.625000,177.011719,2147,1600,2014
2025-10-25T16:15:45.119,189.052734,140.625000,174.550781,2151,1600,1986
2025-10-25T16:15:45.167,189.492188,140.625000,172.617188,2156,1600,1964
2025-10-25T16:15:45.215,190.019531,141.240234,171.298828,2162,1607,1949
2025-10-25T16:15:45.263,190.371094,141.328125,170.947266,2166,1608,1945
2025-10-25T16:15:45.311,190.722656,141.416016,170.947266,2170,1609,1945
2025-10-25T16:15:45.359,191.250000,141.328125,171.123047,2176,1608,1947
2025-10-25T16:15:45.407,192.041016,141.328125,171.210938,2185,1608,1948
2025-10-25T16:15:45.455,193.447266,141.328125,171.210938,2201,1608,1948
2025-10-25T16:15:45.503,195.205078,141.328125,171.386719,2221,1608,1950
2025-10-25T16:15:45.551,196.171875,141.328125,171.298828,2232,1608,1949
2025-10-25T16:15:45.599,196.787109,141.328125,171.298828,2239,1608,1949
2025-10-25T16:15:45.647,197.490234,141.328125,171.386719,2247,1608,1950
2025-10-25T16:15:45.695,198.193359,141.328125,171.298828,2255,1608,1949
2025-10-25T16:15:45.743,199.335938,141.328125,171.298828,2268,1608,1949
2025-10-25T16:15:45.791,200.214844,141.328125,171.386719,2278,1608,1950
2025-10-25T16:15:45.839,201.796875,141.328125,171.298828,2296,1608,1949
2025-10-25T16:15:45.887,203.554688,141.328125,171.386719,2316,1608,1950
2025-10-25T16:15:45.935,205.927734,141.328125,171.298828,2343,1608,1949
2025-10-25T16:15:45.983,208.388672,141.328125,171.386719,2371,1608,1950
2025-10-25T16:15:46.031,210.146484,141.328125,171.298828,2391,1608,1949
2025-10-25T16:15:46.079,211.464844,141.416016,170.947266,2406,1609,1945
2025-10-25T16:15:46.127,212.343750,141.943359,170.859375,2416,1615,1944
2025-10-25T16:15:46.175,212.519531,142.470703,170.771484,2418,1621,1943
2025-10-25T16:15:46.223,212.343750,143.261719,170.683594,2416,1630,1942
2025-10-25T16:15:46.271,211.992188,144.404297,170.595703,2412,1643,1941
2025-10-25T16:15:46.319,211.992188,146.074219,170.507812,2412,1662,1940
2025-10-25T16:15:46.367,211.904297,148.271484,170.507812,2411,1687,1940
2025-10-25T16:15:46.415,211.904297,150.996094,170.419922,2411,1718,1939
2025-10-25T16:15:46.462,211.552734,154.072266,170.332031,2407,1753,1938
2025-10-25T16:15:46.510,211.201172,157.412109,169.980469,2403,1791,1934
2025-10-25T16:15:46.558,210.937500,160.664062,169.189453,2400,1828,1925
2025-10-25T16:15:46.606,210.849609,163.828125,168.222656,2399,1864,1914
2025-10-25T16:15:46.654,211.025391,166.640625,167.255859,2401,1896,1903
2025-10-25T16:15:46.702,211.728516,169.277344,166.904297,2409,1926,1899
2025-10-25T16:15:46.750,211.816406,171.738281,166.904297,2410,1954,1899
2025-10-25T16:15:46.798,211.376953,173.759766,166.904297,2405,1977,1899
2025-10-25T16:15:46.846,210.585938,175.253906,166.904297,2396,1994,1899
2025-10-25T16:15:46.894,209.179688,176.132812,166.904297,2380,2004,1899
2025-10-25T16:15:46.942,207.949219,176.220703,166.904297,2366,2005,1899
2025-10-25T16:15:46.990,207.158203,176.220703,166.992188,2357,2005,1900
2025-10-25T16:15:47.038,206.542969,176.220703,166.904297,2350,2005,1899
2025-10-25T16:15:47.086,206.367188,176.220703,167.080078,2348,2005,1901
2025-10-25T16:15:47.134,206.103516,176.308594,167.519531,2345,2006,1906
2025-10-25T16:15:47.182,205.927734,176.308594,167.519531,2343,2006,1906
2025-10-25T16:15:47.230,206.015625,176.308594,167.607422,2344,2006,1907
2025-10-25T16:15:47.278,206.103516,176.484375,167.607422,2345,2008,1907
2025-10-25T16:15:47.326,206.191406,176.923828,167.871094,2346,2013,1910
2025-10-25T16:15:47.374,206.455078,177.714844,168.486328,2349,2022,1917
2025-10-25T16:15:47.422,206.894531,178.769531,169.453125,2354,2034,1928
2025-10-25T16:15:47.470,206.982422,180.175781,170.859375,2355,2050,1944
2025-10-25T16:15:47.518,206.982422,181.757812,172.529297,2355,2068,1963
2025-10-25T16:15:47.566,206.982422,183.691406,174.375000,2355,2090,1984
2025-10-25T16:15:47.614,206.718750,185.976562,176.308594,2352,2116,2006
2025-10-25T16:15:47.662,206.542969,188.525391,178.066406,2350,2145,2026
2025-10-25T16:15:47.710,206.279297,191.425781,179.208984,2347,2178,2039
2025-10-25T16:15:47.758,206.103516,194.414062,179.912109,2345,2212,2047
2025-10-25T16:15:47.806,205.488281,197.138672,180.351562,2338,2243,2052
2025-10-25T16:15:47.854,204.697266,199.423828,180.703125,2329,2269,2056
2025-10-25T16:15:47.902,203.554688,201.181641,180.966797,2316,2289,2059
2025-10-25T16:15:47.950,202.148438,202.324219,181.318359,2300,2302,2063
2025-10-25T16:15:47.998,200.566406,202.851562,181.933594,2282,2308,2070
2025-10-25T16:15:48.046,198.544922,202.851562,182.812500,2259,2308,2080
2025-10-25T16:15:48.094,195.996094,202.851562,183.515625,2230,2308,2088
2025-10-25T16:15:48.142,193.007812,202.851562,183.867188,2196,2308,2092
2025-10-25T16:15:48.190,189.755859,202.851562,183.867188,2159,2308,2092
2025-10-25T16:15:48.238,186.152344,202.851562,183.867188,2118,2308,2092
2025-10-25T16:15:48.286,182.285156,202.851562,183.867188,2074,2308,2092
2025-10-25T16:15:48.334,178.154297,202.851562,183.867188,2027,2308,2092
2025-10-25T16:15:48.382,174.199219,202.851562,183.867188,1982,2308,2092
2025-10-25T16:15:48.430,170.332031,202.851562,183.867188,1938,2308,2092
2025-10-25T16:15:48.478,166.728516,202.763672,183.867188,1897,2307,2092
2025-10-25T16:15:48.526,163.652344,202.763672,183.867188,1862,2307,2092
2025-10-25T16:15:48.574,160.751953,202.763672,183.955078,1829,2307,2093
2025-10-25T16:15:48.622,158.027344,202.763672,183.955078,1798,2307,2093
2025-10-25T16:15:48.670,155.566406,202.763672,183.867188,1770,2307,2092
2025-10-25T16:15:48.718,153.544922,202.763672,183.867188,1747,2307,2092
2025-10-25T16:15:48.766,151.787109,202.763672,183.955078,1727,2307,2093
2025-10-25T16:15:48.814,150.117188,202.763672,183.955078,1708,2307,2093
2025-10-25T16:15:48.862,148.359375,202.763672,183.955078,1688,2307,2093
2025-10-25T16:15:48.910,146.250000,202.763672,183.867188,1664,2307,2092
2025-10-25T16:15:48.958,144.228516,202.675781,183.867188,1641,2306,2092
2025-10-25T16:15:49.006,142.119141,202.763672,183.867188,1617,2307,2092
2025-10-25T16:15:49.054,139.570312,202.763672,183.867188,1588,2307,2092
2025-10-25T16:15:49.102,137.109375,202.763672,183.867188,1560,2307,2092
2025-10-25T16:15:49.150,134.912109,202.675781,183.867188,1535,2306,2092
2025-10-25T16:15:49.198,133.066406,202.763672,183.867188,1514,2307,2092
2025-10-25T16:15:49.246,131.396484,202.763672,183.779297,1495,2307,2091
2025-10-25T16:15:49.294,129.902344,202.763672,183.867188,1478,2307,2092
2025-10-25T16:15:49.342,129.111328,202.763672,183.867188,1469,2307,2092
2025-10-25T16:15:49.390,128.496094,202.763672,183.867188,1462,2307,2092
2025-10-25T16:15:49.438,127.968750,202.675781,183.867188,1456,2306,2092
2025-10-25T16:15:49.486,127.529297,202.324219,183.427734,1451,2302,2087
2025-10-25T16:15:49.534,126.826172,202.236328,183.339844,1443,2301,2086
2025-10-25T16:15:49.582,126.386719,202.148438,183.251953,1438,2300,2085
2025-10-25T16:15:49.630,126.298828,201.533203,183.251953,1437,2293,2085
2025-10-25T16:15:49.678,126.298828,200.126953,183.164062,1437,2277,2084
2025-10-25T16:15:49.726,126.298828,197.666016,182.812500,1437,2249,2080
2025-10-25T16:15:49.774,126.386719,194.238281,182.021484,1438,2210,2071
2025-10-25T16:15:49.822,126.650391,189.755859,180.351562,1441,2159,2052
2025-10-25T16:15:49.870,127.265625,184.658203,177.539062,1448,2101,2020
2025-10-25T16:15:49.918,128.144531,179.121094,174.199219,1458,2038,1982
2025-10-25T16:15:49.966,129.287109,173.847656,170.156250,1471,1978,1936
2025-10-25T16:15:50.014,130.957031,169.013672,166.289062,1490,1923,1892
2025-10-25T16:15:50.062,132.802734,165.058594,162.949219,1511,1878,1854
2025-10-25T16:15:50.110,134.824219,161.982422,160.136719,1534,1843,1822
2025-10-25T16:15:50.158,136.845703,159.960938,158.203125,1557,1820,1800
2025-10-25T16:15:50.206,139.394531,158.378906,157.060547,1586,1802,1787
2025-10-25T16:15:50.254,142.382812,157.412109,156.884766,1620,1791,1785
2025-10-25T16:15:50.302,145.546875,156.708984,156.884766,1656,1783,1785
2025-10-25T16:15:50.350,148.886719,156.181641,156.884766,1694,1777,1785
2025-10-25T16:15:50.398,152.314453,156.005859,156.884766,1733,1775,1785
2025-10-25T16:15:50.446,155.830078,156.005859,156.796875,1773,1775,1784
2025-10-25T16:15:50.494,159.433594,156.005859,156.796875,1814,1775,1784
2025-10-25T16:15:50.542,162.773438,155.830078,156.884766,1852,1773,1785
2025-10-25T16:15:50.590,166.113281,155.478516,156.884766,1890,1769,1785
2025-10-25T16:15:50.638,169.013672,154.951172,156.972656,1923,1763,1786
2025-10-25T16:15:50.686,171.562500,154.775391,156.972656,1952,1761,1786
2025-10-25T16:15:50.734,173.759766,154.775391,157.060547,1977,1761,1787
2025-10-25T16:15:50.782,175.957031,154.599609,157.324219,2002,1759,1790
2025-10-25T16:15:50.830,177.978516,154.248047,157.500000,2025,1755,1792
2025-10-25T16:15:50.878,180.351562,153.896484,157.851562,2052,1751,1796
2025-10-25T16:15:50.926,182.285156,153.544922,158.203125,2074,1747,1800
2025-10-25T16:15:50.974,184.042969,153.193359,158.730469,2094,1743,1806
2025-10-25T16:15:51.022,185.712891,152.578125,159.345703,2113,1736,1813
2025-10-25T16:15:51.070,187.382812,151.875000,160.136719,2132,1728,1822
2025-10-25T16:15:51.118,188.876953,150.996094,161.191406,2149,1718,1834
2025-10-25T16:15:51.166,190.283203,149.853516,162.509766,2165,1705,1849
2025-10-25T16:15:51.214,191.601562,148.447266,163.740234,2180,1689,1863
2025-10-25T16:15:51.262,192.744141,147.392578,164.882812,2193,1677,1876
2025-10-25T16:15:51.310,194.150391,146.425781,165.761719,2209,1666,1886
2025-10-25T16:15:51.358,195.996094,145.898438,166.201172,2230,1660,1891
2025-10-25T16:15:51.406,197.753906,145.722656,166.289062,2250,1658,1892
2025-10-25T16:15:51.454,200.126953,145.722656,166.376953,2277,1658,1893
2025-10-25T16:15:51.502,202.939453,145.722656,166.289062,2309,1658,1892
2025-10-25T16:15:51.550,205.664062,145.810547,166.376953,2340,1659,1893
2025-10-25T16:15:51.598,208.125000,145.898438,166.289062,2368,1660,1892
2025-10-25T16:15:51.646,210.585938,146.162109,166.289062,2396,1663,1892
2025-10-25T16:15:51.694,212.783203,146.337891,166.376953,2421,1665,1893
2025-10-25T16:15:51.742,214.541016,146.337891,166.376953,2441,1665,1893
2025-10-25T16:15:51.790,215.947266,146.601562,166.728516,2457,1668,1897
2025-10-25T16:15:51.838,217.265625,147.128906,167.607422,2472,1674,1907
2025-10-25T16:15:51.886,218.320312,148.447266,169.189453,2484,1689,1925
2025-10-25T16:15:51.934,219.111328,150.732422,171.210938,2493,1715,1948
2025-10-25T16:15:51.982,219.638672,153.984375,173.408203,2499,1752,1973
2025-10-25T16:15:52.030,219.990234,157.939453,174.902344,2503,1797,1990
2025-10-25T16:15:52.078,220.078125,162.158203,175.869141,2504,1845,2001
2025-10-25T16:15:52.126,219.902344,166.816406,176.572266,2502,1898,2009
2025-10-25T16:15:52.174,219.638672,171.650391,177.099609,2499,1953,2015
2025-10-25T16:15:52.222,219.023438,176.748047,177.539062,2492,2011,2020
2025-10-25T16:15:52.270,218.320312,181.669922,178.066406,2484,2067,2026
2025-10-25T16:15:52.318,217.177734,186.591797,178.769531,2471,2123,2034
2025-10-25T16:15:52.366,215.683594,191.425781,179.560547,2454,2178,2043
2025-10-25T16:15:52.414,213.837891,195.908203,180.351562,2433,2229,2052
2025-10-25T16:15:52.462,211.728516,199.775391,181.318359,2409,2273,2063
2025-10-25T16:15:52.510,209.267578,203.027344,182.285156,2381,2310,2074
2025-10-25T16:15:52.558,206.718750,205.488281,183.251953,2352,2338,2085
2025-10-25T16:15:52.606,203.554688,206.718750,183.779297,2316,2352,2091
2025-10-25T16:15:52.654,200.478516,206.894531,183.867188,2281,2354,2092
2025-10-25T16:15:52.702,196.962891,206.894531,183.867188,2241,2354,2092
2025-10-25T16:15:52.750,193.271484,206.894531,183.867188,2199,2354,2092
2025-10-25T16:15:52.798,189.755859,206.894531,183.867188,2159,2354,2092
2025-10-25T16:15:52.846,186.064453,206.894531,183.867188,2117,2354,2092
2025-10-25T16:15:52.894,181.933594,206.894531,183.867188,2070,2354,2092
2025-10-25T16:15:52.942,177.714844,206.894531,183.779297,2022,2354,2091
2025-10-25T16:15:52.990,173.144531,206.894531,183.867188,1970,2354,2092
2025-10-25T16:15:53.038,168.222656,206.894531,183.867188,1914,2354,2092
2025-10-25T16:15:53.086,163.476562,206.894531,183.867188,1860,2354,2092
2025-10-25T16:15:53.134,158.906250,206.894531,183.867188,1808,2354,2092
2025-10-25T16:15:53.182,154.511719,206.894531,183.867188,1758,2354,2092
2025-10-25T16:15:53.230,150.996094,206.894531,183.867188,1718,2354,2092
2025-10-25T16:15:53.278,147.832031,206.894531,183.867188,1682,2354,2092
2025-10-25T16:15:53.326,145.722656,206.894531,183.867188,1658,2354,2092
2025-10-25T16:15:53.374,144.316406,206.894531,183.691406,1642,2354,2090
2025-10-25T16:15:53.422,142.646484,207.158203,183.339844,1623,2357,2086
2025-10-25T16:15:53.470,140.273438,207.158203,183.339844,1596,2357,2086
2025-10-25T16:15:53.518,137.636719,207.246094,183.251953,1566,2358,2085
2025-10-25T16:15:53.566,135.087891,207.246094,183.251953,1537,2358,2085
2025-10-25T16:15:53.614,132.626953,207.246094,183.251953,1509,2358,2085
2025-10-25T16:15:53.662,130.429688,207.246094,183.251953,1484,2358,2085
2025-10-25T16:15:53.710,127.968750,207.246094,183.251953,1456,2358,2085
2025-10-25T16:15:53.758,125.332031,207.246094,183.251953,1426,2358,2085
2025-10-25T16:15:53.806,122.695312,207.070312,183.251953,1396,2356,2085
2025-10-25T16:15:53.854,120.585938,206.806641,183.251953,1372,2353,2085
2025-10-25T16:15:53.902,119.179688,206.894531,183.251953,1356,2354,2085
2025-10-25T16:15:53.950,118.916016,206.718750,183.164062,1353,2352,2084
2025-10-25T16:15:53.998,118.652344,206.367188,183.164062,1350,2348,2084
2025-10-25T16:15:54.046,118.564453,205.224609,182.988281,1349,2335,2082
2025-10-25T16:15:54.094,118.564453,202.939453,182.373047,1349,2309,2075
2025-10-25T16:15:54.142,118.828125,199.160156,181.054688,1352,2266,2060
2025-10-25T16:15:54.190,119.091797,194.326172,178.681641,1355,2211,2033
2025-10-25T16:15:54.238,119.970703,188.525391,175.341797,1365,2145,1995
2025-10-25T16:15:54.286,121.289062,182.460938,171.474609,1380,2076,1951
2025-10-25T16:15:54.334,123.486328,176.132812,167.695312,1405,2004,1908
2025-10-25T16:15:54.382,126.123047,170.244141,164.267578,1435,1937,1869
2025-10-25T16:15:54.430,128.935547,165.410156,161.015625,1467,1882,1832
2025-10-25T16:15:54.478,131.484375,161.542969,157.675781,1496,1838,1794
2025-10-25T16:15:54.526,134.033203,158.466797,154.511719,1525,1803,1758
2025-10-25T16:15:54.574,136.669922,157.148438,153.281250,1555,1788,1744
2025-10-25T16:15:54.622,139.482422,157.587891,153.369141,1587,1793,1745
2025-10-25T16:15:54.670,142.119141,157.763672,153.369141,1617,1795,1745
2025-10-25T16:15:54.718,144.316406,157.675781,153.369141,1642,1794,1745
2025-10-25T16:15:54.766,146.513672,157.675781,153.369141,1667,1794,1745
2025-10-25T16:15:54.814,148.798828,157.851562,153.369141,1693,1796,1745
2025-10-25T16:15:54.862,151.611328,157.763672,153.369141,1725,1795,1745
2025-10-25T16:15:54.910,155.302734,157.763672,153.369141,1767,1795,1745
2025-10-25T16:15:54.958,159.345703,157.851562,153.369141,1813,1796,1745
2025-10-25T16:15:55.006,163.564453,157.763672,153.369141,1861,1795,1745
2025-10-25T16:15:55.054,168.046875,157.763672,153.369141,1912,1795,1745
2025-10-25T16:15:55.102,172.880859,157.763672,153.457031,1967,1795,1746
2025-10-25T16:15:55.150,177.539062,157.763672,153.544922,2020,1795,1747
2025-10-25T16:15:55.198,181.933594,157.763672,153.720703,2070,1795,1749
2025-10-25T16:15:55.246,185.888672,157.763672,153.984375,2115,1795,1752
2025-10-25T16:15:55.294,189.580078,157.587891,154.248047,2157,1793,1755
2025-10-25T16:15:55.342,192.832031,157.412109,154.423828,2194,1791,1757
2025-10-25T16:15:55.390,195.732422,157.500000,154.423828,2227,1792,1757
2025-10-25T16:15:55.438,198.017578,157.675781,154.423828,2253,1794,1757
2025-10-25T16:15:55.486,200.302734,157.675781,154.423828,2279,1794,1757
2025-10-25T16:15:55.534,202.587891,157.675781,154.511719,2305,1794,1758
2025-10-25T16:15:55.582,204.433594,157.763672,154.511719,2326,1795,1758
2025-10-25T16:15:55.630,206.367188,157.763672,154.511719,2348,1795,1758
2025-10-25T16:15:55.678,208.125000,157.763672,154.775391,2368,1795,1761
2025-10-25T16:15:55.726,209.619141,157.851562,155.214844,2385,1796,1766
2025-10-25T16:15:55.774,211.289062,157.763672,156.181641,2404,1795,1777
2025-10-25T16:15:55.822,212.871094,157.851562,157.412109,2422,1796,1791
2025-10-25T16:15:55.870,214.189453,157.851562,158.730469,2437,1796,1806
2025-10-25T16:15:55.918,215.244141,158.027344,160.400391,2449,1798,1825
2025-10-25T16:15:55.966,216.298828,158.554688,162.597656,2461,1804,1850
2025-10-25T16:15:56.014,217.089844,159.433594,165.146484,2470,1814,1879
2025-10-25T16:15:56.062,217.705078,161.015625,167.783203,2477,1832,1909
2025-10-25T16:15:56.110,218.232422,163.476562,170.244141,2483,1860,1937
2025-10-25T16:15:56.158,218.671875,166.728516,172.529297,2488,1897,1963
2025-10-25T16:15:56.206,219.199219,170.332031,174.111328,2494,1938,1981
2025-10-25T16:15:56.254,219.902344,174.199219,175.429688,2502,1982,1996
2025-10-25T16:15:56.302,220.517578,178.066406,176.572266,2509,2026,2009
2025-10-25T16:15:56.350,221.044922,181.582031,177.714844,2515,2066,2022
2025-10-25T16:15:56.398,221.396484,184.746094,178.681641,2519,2102,2033
2025-10-25T16:15:56.446,221.220703,187.558594,179.824219,2517,2134,2046
2025-10-25T16:15:56.494,220.781250,190.019531,181.230469,2512,2162,2062
2025-10-25T16:15:56.542,219.990234,192.304688,182.988281,2503,2188,2082
2025-10-25T16:15:56.590,219.023438,194.501953,184.833984,2492,2213,2103
2025-10-25T16:15:56.638,218.056641,196.523438,186.328125,2481,2236,2120
2025-10-25T16:15:56.686,216.914062,198.105469,187.470703,2468,2254,2133
2025-10-25T16:15:56.734,215.507812,199.160156,187.998047,2452,2266,2139
2025-10-25T16:15:56.782,213.574219,199.687500,187.998047,2430,2272,2139
2025-10-25T16:15:56.830,211.113281,199.687500,188.085938,2402,2272,2140
2025-10-25T16:15:56.878,208.300781,199.687500,188.085938,2370,2272,2140
2025-10-25T16:15:56.926,204.960938,199.687500,188.085938,2332,2272,2140
2025-10-25T16:15:56.974,201.445312,199.687500,188.085938,2292,2272,2140
2025-10-25T16:15:57.022,197.314453,199.687500,188.085938,2245,2272,2140
2025-10-25T16:15:57.070,192.832031,199.687500,188.085938,2194,2272,2140
2025-10-25T16:15:57.118,188.525391,199.687500,188.085938,2145,2272,2140
2025-10-25T16:15:57.166,183.955078,199.687500,187.998047,2093,2272,2139
2025-10-25T16:15:57.214,179.208984,199.687500,188.085938,2039,2272,2140
2025-10-25T16:15:57.262,174.814453,199.687500,188.085938,1989,2272,2140
2025-10-25T16:15:57.310,170.507812,199.687500,188.085938,1940,2272,2140
2025-10-25T16:15:57.358,166.640625,199.687500,188.085938,1896,2272,2140
2025-10-25T16:15:57.406,162.685547,199.687500,187.998047,1851,2272,2139
2025-10-25T16:15:57.454,159.169922,199.687500,188.085938,1811,2272,2140
2025-10-25T16:15:57.502,155.566406,199.687500,187.998047,1770,2272,2139
2025-10-25T16:15:57.550,152.226562,199.687500,187.998047,1732,2272,2139
2025-10-25T16:15:57.598,149.589844,199.687500,187.998047,1702,2272,2139
2025-10-25T16:15:57.646,147.216797,199.687500,187.910156,1675,2272,2138
2025-10-25T16:15:57.694,145.722656,199.687500,187.910156,1658,2272,2138
2025-10-25T16:15:57.742,144.492188,199.687500,187.822266,1644,2272,2137
2025-10-25T16:15:57.790,142.998047,199.687500,187.822266,1627,2272,2137
2025-10-25T16:15:57.838,141.064453,199.687500,187.822266,1605,2272,2137
2025-10-25T16:15:57.886,139.042969,199.687500,187.822266,1582,2272,2137
2025-10-25T16:15:57.934,137.197266,199.687500,187.734375,1561,2272,2136
2025-10-25T16:15:57.982,135.263672,199.687500,187.734375,1539,2272,2136
2025-10-25T16:15:58.030,133.066406,199.687500,187.734375,1514,2272,2136
2025-10-25T16:15:58.078,131.044922,199.687500,187.734375,1491,2272,2136
2025-10-25T16:15:58.126,128.847656,199.687500,187.734375,1466,2272,2136
2025-10-25T16:15:58.174,126.562500,199.687500,187.646484,1440,2272,2135
2025-10-25T16:15:58.222,124.189453,199.687500,187.646484,1413,2272,2135
2025-10-25T16:15:58.270,122.167969,199.687500,187.558594,1390,2272,2134
2025-10-25T16:15:58.318,120.585938,199.687500,187.470703,1372,2272,2133
2025-10-25T16:15:58.366,119.179688,199.687500,187.382812,1356,2272,2132
2025-10-25T16:15:58.414,117.685547,199.687500,187.382812,1339,2272,2132
2025-10-25T16:15:58.462,116.367188,199.160156,187.294922,1324,2266,2131
2025-10-25T16:15:58.510,115.488281,199.160156,187.207031,1314,2266,2130
2025-10-25T16:15:58.558,115.048828,199.072266,187.031250,1309,2265,2128
2025-10-25T16:15:58.606,114.873047,198.720703,186.679688,1307,2261,2124
2025-10-25T16:15:58.654,114.785156,197.666016,185.976562,1306,2249,2116
2025-10-25T16:15:58.702,114.697266,195.292969,184.658203,1305,2222,2101
2025-10-25T16:15:58.750,114.521484,191.689453,182.724609,1303,2181,2079
2025-10-25T16:15:58.798,114.345703,186.416016,179.912109,1301,2121,2047
2025-10-25T16:15:58.846,114.169922,180.000000,176.308594,1299,2048,2006
2025-10-25T16:15:58.894,114.169922,173.320312,172.441406,1299,1972,1962
2025-10-25T16:15:58.942,114.345703,167.871094,168.486328,1301,1910,1917
2025-10-25T16:15:58.990,114.609375,163.652344,165.146484,1304,1862,1879
2025-10-25T16:15:59.038,115.136719,161.103516,162.246094,1310,1833,1846
2025-10-25T16:15:59.086,116.191406,159.169922,159.873047,1322,1811,1819
2025-10-25T16:15:59.134,117.685547,158.203125,157.675781,1339,1800,1794
2025-10-25T16:15:59.182,119.707031,157.324219,155.917969,1362,1790,1774
2025-10-25T16:15:59.230,121.992188,156.533203,155.390625,1388,1781,1768
2025-10-25T16:15:59.278,124.541016,156.621094,155.302734,1417,1782,1767
2025-10-25T16:15:59.326,127.265625,156.533203,155.302734,1448,1781,1767
2025-10-25T16:15:59.374,130.078125,156.533203,155.302734,1480,1781,1767
2025-10-25T16:15:59.422,133.505859,156.533203,155.302734,1519,1781,1767
2025-10-25T16:15:59.470,136.933594,156.533203,155.302734,1558,1781,1767
2025-10-25T16:15:59.518,140.888672,156.533203,155.302734,1603,1781,1767
2025-10-25T16:15:59.566,144.931641,156.533203,155.302734,1649,1781,1767
2025-10-25T16:15:59.614,149.150391,156.533203,155.302734,1697,1781,1767
2025-10-25T16:15:59.662,153.457031,156.533203,155.302734,1746,1781,1767
2025-10-25T16:15:59.710,158.115234,156.533203,155.214844,1799,1781,1766
2025-10-25T16:15:59.758,162.246094,156.708984,155.126953,1846,1783,1765
2025-10-25T16:15:59.806,165.937500,156.708984,154.951172,1888,1783,1763
2025-10-25T16:15:59.854,169.365234,156.796875,155.039062,1927,1784,1764
2025-10-25T16:15:59.902,172.705078,156.708984,155.126953,1965,1783,1765
2025-10-25T16:15:59.950,176.220703,156.533203,155.302734,2005,1781,1767
2025-10-25T16:15:59.998,179.648438,156.533203,155.390625,2044,1781,1768
2025-10-25T16:16:00.046,183.164062,156.357422,155.478516,2084,1779,1769
2025-10-25T16:16:00.094,186.152344,156.269531,155.742188,2118,1778,1772
2025-10-25T16:16:00.142,188.789062,156.181641,155.830078,2148,1777,1773
2025-10-25T16:16:00.190,190.898438,156.093750,156.005859,2172,1776,1775
2025-10-25T16:16:00.238,192.832031,155.917969,156.181641,2194,1774,1777
2025-10-25T16:16:00.286,194.326172,155.566406,156.533203,2211,1770,1781
2025-10-25T16:16:00.334,196.171875,155.039062,157.236328,2232,1764,1789
2025-10-25T16:16:00.382,197.841797,154.335938,157.763672,2251,1756,1795
2025-10-25T16:16:00.430,200.126953,153.720703,158.554688,2277,1749,1804
2025-10-25T16:16:00.478,202.587891,153.193359,159.082031,2305,1743,1810
2025-10-25T16:16:00.526,205.224609,152.753906,159.433594,2335,1738,1814
2025-10-25T16:16:00.574,208.125000,152.753906,159.433594,2368,1738,1814
2025-10-25T16:16:00.622,211.025391,152.753906,159.433594,2401,1738,1814
2025-10-25T16:16:00.670,214.013672,152.841797,159.433594,2435,1739,1814
2025-10-25T16:16:00.718,216.914062,153.105469,159.433594,2468,1742,1814
2025-10-25T16:16:00.766,219.462891,153.105469,159.433594,2497,1742,1814
2025-10-25T16:16:00.814,221.484375,153.281250,159.433594,2520,1744,1814
2025-10-25T16:16:00.862,222.626953,153.281250,159.433594,2533,1744,1814
2025-10-25T16:16:00.910,223.593750,153.281250,159.433594,2544,1744,1814
2025-10-25T16:16:00.958,224.384766,153.457031,159.697266,2553,1746,1817
2025-10-25T16:16:01.006,225.000000,153.720703,160.312500,2560,1749,1824
2025-10-25T16:16:01.054,225.351562,154.423828,161.718750,2564,1757,1840
2025-10-25T16:16:01.102,225.439453,155.654297,163.740234,2565,1771,1863
2025-10-25T16:16:01.150,225.175781,157.412109,166.201172,2562,1791,1891
2025-10-25T16:16:01.198,224.824219,159.697266,168.837891,2558,1817,1921
2025-10-25T16:16:01.246,224.384766,162.246094,171.035156,2553,1846,1946
2025-10-25T16:16:01.294,223.857422,165.234375,172.441406,2547,1880,1962
2025-10-25T16:16:01.341,223.242188,168.310547,173.232422,2540,1915,1971
2025-10-25T16:16:01.390,222.714844,171.386719,173.759766,2534,1950,1977
2025-10-25T16:16:01.438,222.011719,174.550781,174.199219,2526,1986,1982
2025-10-25T16:16:01.485,221.132812,177.714844,174.990234,2516,2022,1991
2025-10-25T16:16:01.533,220.166016,180.527344,176.220703,2505,2054,2005
2025-10-25T16:16:01.581,219.111328,183.251953,177.539062,2493,2085,2020
2025-10-25T16:16:01.629,217.968750,185.625000,178.593750,2480,2112,2032
2025-10-25T16:16:01.677,216.826172,187.646484,179.472656,2467,2135,2042
2025-10-25T16:16:01.726,215.683594,189.228516,180.263672,2454,2153,2051
2025-10-25T16:16:01.774,214.365234,190.458984,181.318359,2439,2167,2063
2025-10-25T16:16:01.821,213.046875,191.425781,182.636719,2424,2178,2078
2025-10-25T16:16:01.869,211.464844,192.304688,184.042969,2406,2188,2094
2025-10-25T16:16:01.917,209.794922,193.183594,185.185547,2387,2198,2107
2025-10-25T16:16:01.965,208.037109,193.798828,185.888672,2367,2205,2115
2025-10-25T16:16:02.013,205.927734,194.062500,186.328125,2343,2208,2120
2025-10-25T16:16:02.061,203.554688,194.062500,186.328125,2316,2208,2120
2025-10-25T16:16:02.109,200.830078,194.062500,186.328125,2285,2208,2120
2025-10-25T16:16:02.157,197.490234,194.062500,186.240234,2247,2208,2119
2025-10-25T16:16:02.205,193.710938,194.062500,186.240234,2204,2208,2119
2025-10-25T16:16:02.253,189.755859,194.062500,186.240234,2159,2208,2119
2025-10-25T16:16:02.301,185.449219,194.062500,186.328125,2110,2208,2120
2025-10-25T16:16:02.349,180.791016,194.062500,186.328125,2057,2208,2120
2025-10-25T16:16:02.397,176.132812,194.062500,186.240234,2004,2208,2119
2025-10-25T16:16:02.445,171.562500,194.062500,186.240234,1952,2208,2119
2025-10-25T16:16:02.493,167.255859,194.062500,186.328125,1903,2208,2120
2025-10-25T16:16:02.541,163.212891,194.062500,186.240234,1857,2208,2119
2025-10-25T16:16:02.589,159.433594,194.062500,186.240234,1814,2208,2119
2025-10-25T16:16:02.637,155.742188,194.062500,186.240234,1772,2208,2119
2025-10-25T16:16:02.685,152.138672,194.062500,186.240234,1731,2208,2119
2025-10-25T16:16:02.733,148.798828,194.062500,186.240234,1693,2208,2119
2025-10-25T16:16:02.781,146.162109,194.062500,186.240234,1663,2208,2119
2025-10-25T16:16:02.829,144.667969,194.062500,186.152344,1646,2208,2118
2025-10-25T16:16:02.877,143.085938,193.974609,186.152344,1628,2207,2118
2025-10-25T16:16:02.925,140.976562,194.062500,186.152344,1604,2208,2118
2025-10-25T16:16:02.973,138.603516,194.062500,186.064453,1577,2208,2117
2025-10-25T16:16:03.021,136.406250,194.062500,185.976562,1552,2208,2116
2025-10-25T16:16:03.069,134.296875,194.062500,185.888672,1528,2208,2115
2025-10-25T16:16:03.117,132.275391,193.974609,185.800781,1505,2207,2114
2025-10-25T16:16:03.165,130.166016,194.062500,185.888672,1481,2208,2115
2025-10-25T16:16:03.213,127.968750,193.974609,185.800781,1456,2207,2114
2025-10-25T16:16:03.261,125.595703,194.062500,185.800781,1429,2208,2114
2025-10-25T16:16:03.309,123.398438,194.062500,185.800781,1404,2208,2114
2025-10-25T16:16:03.357,121.640625,193.974609,185.800781,1384,2207,2114
2025-10-25T16:16:03.405,120.146484,193.886719,185.800781,1367,2206,2114
2025-10-25T16:16:03.453,118.828125,193.447266,185.712891,1352,2201,2113
2025-10-25T16:16:03.501,117.685547,193.447266,185.625000,1339,2201,2112
2025-10-25T16:16:03.549,116.630859,193.271484,185.625000,1327,2199,2112
2025-10-25T16:16:03.597,115.927734,192.832031,185.537109,1319,2194,2111
2025-10-25T16:16:03.645,115.312500,191.777344,185.537109,1312,2182,2111
2025-10-25T16:16:03.693,115.048828,189.843750,185.449219,1309,2160,2110
2025-10-25T16:16:03.741,115.048828,186.855469,185.273438,1309,2126,2108
2025-10-25T16:16:03.789,115.136719,182.900391,184.833984,1310,2081,2103
2025-10-25T16:16:03.837,115.136719,178.417969,184.042969,1310,2030,2094
2025-10-25T16:16:03.885,115.224609,174.111328,182.460938,1311,1981,2076
2025-10-25T16:16:03.933,115.312500,170.507812,180.000000,1312,1940,2048
2025-10-25T16:16:03.981,115.400391,168.046875,176.396484,1313,1912,2007
2025-10-25T16:16:04.029,115.751953,166.376953,172.265625,1317,1893,1960
2025-10-25T16:16:04.077,116.367188,165.234375,167.519531,1324,1880,1906
2025-10-25T16:16:04.125,117.246094,164.267578,162.949219,1334,1869,1854
2025-10-25T16:16:04.173,118.564453,163.037109,158.642578,1349,1855,1805
2025-10-25T16:16:04.221,120.058594,161.630859,155.126953,1366,1839,1765
2025-10-25T16:16:04.269,121.728516,159.609375,153.017578,1385,1816,1741
2025-10-25T16:16:04.317,123.750000,158.291016,152.666016,1408,1801,1737
2025-10-25T16:16:04.365,125.595703,157.851562,153.457031,1429,1796,1746
2025-10-25T16:16:04.413,127.265625,157.412109,153.808594,1448,1791,1750
2025-10-25T16:16:04.461,128.759766,157.324219,153.896484,1465,1790,1751
2025-10-25T16:16:04.509,130.078125,157.236328,153.808594,1480,1789,1750
2025-10-25T16:16:04.557,131.660156,157.236328,153.984375,1498,1789,1752
2025-10-25T16:16:04.605,133.681641,157.060547,154.072266,1521,1787,1753
2025-10-25T16:16:04.653,135.791016,156.796875,154.423828,1545,1784,1757
2025-10-25T16:16:04.701,137.988281,156.445312,154.951172,1570,1780,1763
2025-10-25T16:16:04.749,140.361328,155.830078,155.654297,1597,1773,1771
2025-10-25T16:16:04.797,142.646484,155.302734,156.093750,1623,1767,1776
2025-10-25T16:16:04.845,144.667969,155.126953,156.093750,1646,1765,1776
2025-10-25T16:16:04.893,146.074219,155.126953,156.093750,1662,1765,1776
2025-10-25T16:16:04.941,147.041016,154.951172,156.181641,1673,1763,1777
2025-10-25T16:16:04.989,148.007812,154.511719,156.708984,1684,1758,1783
2025-10-25T16:16:05.037,148.535156,153.632812,157.675781,1690,1748,1794
2025-10-25T16:16:05.085,149.062500,152.226562,159.169922,1696,1732,1811
2025-10-25T16:16:05.133,149.765625,150.644531,161.103516,1704,1714,1833
2025-10-25T16:16:05.181,150.556641,148.535156,163.037109,1713,1690,1855
2025-10-25T16:16:05.229,152.138672,146.689453,164.970703,1731,1669,1877
2025-10-25T16:16:05.277,154.072266,145.107422,166.376953,1753,1651,1893
2025-10-25T16:16:05.325,156.269531,143.964844,167.431641,1778,1638,1905
2025-10-25T16:16:05.373,158.906250,143.261719,168.134766,1808,1630,1913
2025-10-25T16:16:05.421,161.542969,142.910156,168.398438,1838,1626,1916
2025-10-25T16:16:05.469,163.916016,142.734375,168.486328,1865,1624,1917
2025-10-25T16:16:05.517,166.025391,142.734375,168.574219,1889,1624,1918
2025-10-25T16:16:05.565,167.958984,142.734375,168.486328,1911,1624,1917
2025-10-25T16:16:05.613,169.892578,142.822266,168.486328,1933,1625,1917
2025-10-25T16:16:05.661,171.914062,142.910156,168.486328,1956,1626,1917
2025-10-25T16:16:05.709,173.408203,143.085938,168.486328,1973,1628,1917
2025-10-25T16:16:05.757,175.605469,143.173828,168.486328,1998,1629,1917
2025-10-25T16:16:05.805,178.066406,143.349609,168.486328,2026,1631,1917
2025-10-25T16:16:05.853,180.703125,143.349609,168.486328,2056,1631,1917
2025-10-25T16:16:05.901,183.076172,143.349609,168.486328,2083,1631,1917
2025-10-25T16:16:05.949,185.361328,143.437500,168.486328,2109,1632,1917
2025-10-25T16:16:05.997,188.173828,143.349609,168.486328,2141,1631,1917
2025-10-25T16:16:06.045,191.337891,143.349609,168.486328,2177,1631,1917
2025-10-25T16:16:06.093,194.326172,143.349609,168.486328,2211,1631,1917
2025-10-25T16:16:06.141,197.402344,143.349609,168.486328,2246,1631,1917
2025-10-25T16:16:06.189,200.126953,143.349609,168.486328,2277,1631,1917
2025-10-25T16:16:06.237,202.763672,143.437500,168.486328,2307,1632,1917
2025-10-25T16:16:06.285,205.136719,143.437500,168.486328,2334,1632,1917
2025-10-25T16:16:06.333,206.894531,143.437500,168.486328,2354,1632,1917
2025-10-25T16:16:06.381,208.300781,143.437500,168.486328,2370,1632,1917
2025-10-25T16:16:06.429,209.707031,143.525391,168.486328,2386,1633,1917
2025-10-25T16:16:06.477,210.673828,143.613281,168.486328,2397,1634,1917
2025-10-25T16:16:06.525,211.376953,143.964844,168.486328,2405,1638,1917
2025-10-25T16:16:06.573,211.728516,144.843750,168.486328,2409,1648,1917
2025-10-25T16:16:06.621,211.992188,146.337891,168.574219,2412,1665,1918
2025-10-25T16:16:06.669,211.904297,148.886719,168.750000,2411,1694,1920
2025-10-25T16:16:06.717,211.816406,152.314453,169.365234,2410,1733,1927
2025-10-25T16:16:06.765,211.728516,156.621094,170.156250,2409,1782,1936
2025-10-25T16:16:06.813,211.552734,161.367188,171.474609,2407,1836,1951
2025-10-25T16:16:06.861,211.464844,166.201172,173.144531,2406,1891,1970
2025-10-25T16:16:06.909,211.376953,170.595703,174.902344,2405,1941,1990
2025-10-25T16:16:06.957,210.937500,174.462891,176.660156,2400,1985,2010
2025-10-25T16:16:07.005,210.234375,177.714844,178.242188,2392,2022,2028
2025-10-25T16:16:07.053,209.091797,180.439453,179.296875,2379,2053,2040
2025-10-25T16:16:07.101,207.949219,182.548828,180.175781,2366,2077,2050
2025-10-25T16:16:07.149,206.542969,184.394531,181.406250,2350,2098,2064
2025-10-25T16:16:07.197,205.224609,186.064453,182.900391,2335,2117,2081
2025-10-25T16:16:07.245,203.906250,187.470703,184.482422,2320,2133,2099
2025-10-25T16:16:07.293,202.412109,188.789062,185.712891,2303,2148,2113
2025-10-25T16:16:07.341,200.830078,189.755859,186.767578,2285,2159,2125
2025-10-25T16:16:07.389,198.808594,190.458984,187.646484,2262,2167,2135
2025-10-25T16:16:07.437,196.435547,190.898438,188.349609,2235,2172,2143
2025-10-25T16:16:07.485,193.710938,190.898438,188.701172,2204,2172,2147
2025-10-25T16:16:07.533,190.810547,190.898438,188.876953,2171,2172,2149
2025-10-25T16:16:07.581,187.558594,190.898438,188.876953,2134,2172,2149
2025-10-25T16:16:07.629,184.130859,190.898438,188.876953,2095,2172,2149
2025-10-25T16:16:07.677,180.439453,190.898438,188.876953,2053,2172,2149
2025-10-25T16:16:07.725,176.835938,190.898438,188.876953,2012,2172,2149
2025-10-25T16:16:07.773,173.232422,190.898438,188.876953,1971,2172,2149
2025-10-25T16:16:07.821,169.628906,190.898438,188.876953,1930,2172,2149
2025-10-25T16:16:07.869,166.113281,190.898438,188.876953,1890,2172,2149
2025-10-25T16:16:07.917,162.509766,190.898438,188.876953,1849,2172,2149
2025-10-25T16:16:07.965,159.169922,190.898438,188.876953,1811,2172,2149
2025-10-25T16:16:08.013,155.830078,190.898438,188.876953,1773,2172,2149
2025-10-25T16:16:08.061,152.929688,190.810547,188.876953,1740,2171,2149
2025-10-25T16:16:08.109,150.117188,190.810547,188.876953,1708,2171,2149
2025-10-25T16:16:08.157,147.919922,190.722656,188.876953,1683,2170,2149
2025-10-25T16:16:08.205,145.986328,190.722656,188.876953,1661,2170,2149
2025-10-25T16:16:08.253,144.140625,190.722656,188.876953,1640,2170,2149
2025-10-25T16:16:08.301,142.646484,190.634766,188.876953,1623,2169,2149
2025-10-25T16:16:08.349,140.800781,190.722656,188.876953,1602,2170,2149
2025-10-25T16:16:08.397,138.427734,190.810547,188.876953,1575,2171,2149
2025-10-25T16:16:08.445,135.878906,190.722656,188.876953,1546,2170,2149
2025-10-25T16:16:08.493,133.417969,190.722656,188.876953,1518,2170,2149
2025-10-25T16:16:08.541,131.132812,190.722656,188.876953,1492,2170,2149
2025-10-25T16:16:08.589,128.935547,190.722656,188.789062,1467,2170,2148
2025-10-25T16:16:08.637,126.562500,190.722656,188.789062,1440,2170,2148
2025-10-25T16:16:08.685,124.189453,190.810547,188.701172,1413,2171,2147
2025-10-25T16:16:08.733,122.080078,190.810547,188.789062,1389,2171,2148
2025-10-25T16:16:08.781,120.322266,190.810547,188.613281,1369,2171,2146
2025-10-25T16:16:08.829,118.300781,190.898438,188.437500,1346,2172,2144
2025-10-25T16:16:08.877,116.279297,190.722656,188.349609,1323,2170,2143
2025-10-25T16:16:08.925,114.785156,190.371094,188.261719,1306,2166,2142
2025-10-25T16:16:08.973,113.642578,190.283203,188.173828,1293,2165,2141
2025-10-25T16:16:09.021,112.851562,190.195312,187.910156,1284,2164,2138
2025-10-25T16:16:09.069,112.412109,189.667969,187.031250,1279,2158,2128
2025-10-25T16:16:09.117,112.236328,188.349609,185.712891,1277,2143,2113
2025-10-25T16:16:09.165,112.060547,186.064453,183.691406,1275,2117,2090
2025-10-25T16:16:09.213,112.060547,182.724609,180.966797,1275,2079,2059
2025-10-25T16:16:09.261,111.972656,178.066406,177.714844,1274,2026,2022
2025-10-25T16:16:09.309,111.972656,172.792969,174.462891,1274,1966,1985
2025-10-25T16:16:09.357,112.060547,167.080078,171.210938,1275,1901,1948
2025-10-25T16:16:09.405,112.587891,161.630859,168.574219,1281,1839,1918
2025-10-25T16:16:09.453,113.378906,156.884766,166.728516,1290,1785,1897
2025-10-25T16:16:09.501,114.873047,153.017578,165.498047,1307,1741,1883
2025-10-25T16:16:09.549,117.070312,149.941406,164.794922,1332,1706,1875
2025-10-25T16:16:09.597,119.355469,147.480469,164.794922,1358,1678,1875
2025-10-25T16:16:09.645,121.376953,146.601562,165.234375,1381,1668,1880
2025-10-25T16:16:09.693,122.783203,146.513672,165.322266,1397,1667,1881
2025-10-25T16:16:09.741,124.189453,146.425781,165.322266,1413,1666,1881
2025-10-25T16:16:09.789,125.859375,146.337891,165.410156,1432,1665,1882
2025-10-25T16:16:09.837,127.529297,146.162109,165.410156,1451,1663,1882
2025-10-25T16:16:09.885,129.638672,146.162109,165.410156,1475,1663,1882
2025-10-25T16:16:09.933,131.835938,146.074219,165.585938,1500,1662,1884
2025-10-25T16:16:09.981,134.208984,145.986328,165.761719,1527,1661,1886
2025-10-25T16:16:10.029,136.845703,145.986328,165.761719,1557,1661,1886
2025-10-25T16:16:10.077,139.921875,145.986328,165.761719,1592,1661,1886
2025-10-25T16:16:10.125,143.525391,145.986328,165.761719,1633,1661,1886
2025-10-25T16:16:10.173,147.480469,145.898438,165.761719,1678,1660,1886
2025-10-25T16:16:10.221,151.347656,145.898438,165.761719,1722,1660,1886
2025-10-25T16:16:10.269,154.775391,145.898438,165.761719,1761,1660,1886
2025-10-25T16:16:10.317,157.675781,145.898438,165.761719,1794,1660,1886
2025-10-25T16:16:10.365,160.048828,145.898438,165.761719,1821,1660,1886
2025-10-25T16:16:10.413,161.542969,145.898438,165.761719,1838,1660,1886
2025-10-25T16:16:10.461,162.685547,145.898438,165.761719,1851,1660,1886
2025-10-25T16:16:10.509,163.916016,145.898438,166.025391,1865,1660,1889
2025-10-25T16:16:10.557,165.234375,145.634766,166.376953,1880,1657,1893
2025-10-25T16:16:10.605,166.992188,145.019531,167.080078,1900,1650,1901
2025-10-25T16:16:10.653,168.837891,144.228516,167.958984,1921,1641,1911
2025-10-25T16:16:10.701,170.683594,143.261719,168.925781,1942,1630,1922
2025-10-25T16:16:10.749,172.529297,142.382812,169.804688,1963,1620,1932
2025-10-25T16:16:10.797,174.375000,141.679688,170.419922,1984,1612,1939
2025-10-25T16:16:10.845,176.484375,141.328125,170.595703,2008,1608,1941
2025-10-25T16:16:10.893,178.330078,141.240234,170.595703,2029,1607,1941
2025-10-25T16:16:10.941,180.439453,141.328125,170.595703,2053,1608,1941
2025-10-25T16:16:10.989,182.285156,141.240234,170.595703,2074,1607,1941
2025-10-25T16:16:11.037,184.218750,141.328125,170.683594,2096,1608,1942
2025-10-25T16:16:11.085,186.679688,141.416016,170.595703,2124,1609,1941
2025-10-25T16:16:11.133,189.140625,141.591797,170.595703,2152,1611,1941
2025-10-25T16:16:11.181,191.425781,141.855469,170.595703,2178,1614,1941
2025-10-25T16:16:11.229,193.710938,141.855469,170.595703,2204,1614,1941
2025-10-25T16:16:11.277,196.435547,141.855469,170.595703,2235,1614,1941
2025-10-25T16:16:11.325,198.632812,141.943359,170.595703,2260,1615,1941
2025-10-25T16:16:11.373,200.830078,141.943359,170.595703,2285,1615,1941
2025-10-25T16:16:11.421,202.675781,141.943359,170.595703,2306,1615,1941
2025-10-25T16:16:11.469,204.345703,141.943359,170.595703,2325,1615,1941
2025-10-25T16:16:11.517,206.279297,141.943359,170.595703,2347,1615,1941
2025-10-25T16:16:11.565,207.773438,141.943359,170.595703,2364,1615,1941
2025-10-25T16:16:11.613,208.916016,141.943359,170.595703,2377,1615,1941
2025-10-25T16:16:11.661,209.794922,142.031250,170.595703,2387,1616,1941
2025-10-25T16:16:11.709,210.410156,142.119141,170.595703,2394,1617,1941
2025-10-25T16:16:11.757,211.113281,142.558594,170.683594,2402,1622,1942
2025-10-25T16:16:11.805,212.167969,143.437500,170.947266,2414,1632,1945
2025-10-25T16:16:11.853,213.222656,144.667969,171.386719,2426,1646,1950
2025-10-25T16:16:11.901,213.925781,146.513672,172.265625,2434,1667,1960
2025-10-25T16:16:11.949,214.277344,148.710938,173.496094,2438,1692,1974
2025-10-25T16:16:11.997,214.013672,151.083984,174.814453,2435,1719,1989
2025-10-25T16:16:12.045,213.750000,153.720703,176.484375,2432,1749,2008
2025-10-25T16:16:12.093,213.310547,156.621094,178.066406,2427,1782,2026
2025-10-25T16:16:12.141,212.783203,159.785156,179.296875,2421,1818,2040
2025-10-25T16:16:12.189,212.255859,163.037109,180.351562,2415,1855,2052
2025-10-25T16:16:12.237,211.728516,166.552734,181.318359,2409,1895,2063
2025-10-25T16:16:12.285,210.937500,170.156250,182.373047,2400,1936,2075
2025-10-25T16:16:12.333,210.322266,173.759766,183.603516,2393,1977,2089
2025-10-25T16:16:12.381,209.794922,177.363281,184.482422,2387,2018,2099
2025-10-25T16:16:12.429,209.179688,180.615234,185.097656,2380,2055,2106
2025-10-25T16:16:12.477,208.476562,183.603516,185.712891,2372,2089,2113
2025-10-25T16:16:12.525,207.597656,186.416016,186.064453,2362,2121,2117
2025-10-25T16:16:12.573,206.279297,188.876953,186.240234,2347,2149,2119
2025-10-25T16:16:12.621,204.960938,191.074219,186.328125,2332,2174,2120
2025-10-25T16:16:12.669,203.730469,192.919922,186.240234,2318,2195,2119
2025-10-25T16:16:12.717,201.972656,194.150391,186.240234,2298,2209,2119
2025-10-25T16:16:12.765,200.039062,194.941406,186.328125,2276,2218,2120
2025-10-25T16:16:12.813,197.402344,195.029297,186.328125,2246,2219,2120
2025-10-25T16:16:12.861,195.029297,195.029297,186.240234,2219,2219,2119
2025-10-25T16:16:12.909,192.392578,195.029297,186.240234,2189,2219,2119
2025-10-25T16:16:12.957,189.755859,195.029297,186.240234,2159,2219,2119
2025-10-25T16:16:13.005,187.031250,195.117188,186.240234,2128,2220,2119
2025-10-25T16:16:13.053,184.306641,195.029297,186.328125,2097,2219,2120
2025-10-25T16:16:13.101,181.669922,195.029297,186.240234,2067,2219,2119
2025-10-25T16:16:13.149,179.208984,195.029297,186.240234,2039,2219,2119
2025-10-25T16:16:13.197,177.011719,195.029297,186.240234,2014,2219,2119
2025-10-25T16:16:13.245,174.814453,195.029297,186.240234,1989,2219,2119
2025-10-25T16:16:13.293,172.441406,195.029297,186.240234,1962,2219,2119
2025-10-25T16:16:13.341,170.332031,195.029297,186.240234,1938,2219,2119
2025-10-25T16:16:13.389,168.398438,195.029297,186.240234,1916,2219,2119
2025-10-25T16:16:13.437,166.640625,195.117188,186.240234,1896,2220,2119
2025-10-25T16:16:13.485,164.794922,195.380859,186.328125,1875,2223,2120
2025-10-25T16:16:13.533,163.037109,195.908203,186.416016,1855,2229,2121
2025-10-25T16:16:13.581,161.455078,197.050781,187.031250,1837,2242,2128
2025-10-25T16:16:13.629,160.048828,198.632812,188.261719,1821,2260,2142
2025-10-25T16:16:13.677,158.378906,200.917969,189.316406,1802,2286,2154
2025-10-25T16:16:13.725,156.621094,202.763672,189.052734,1782,2307,2151
2025-10-25T16:16:13.773,154.775391,203.466797,188.964844,1761,2315,2150
2025-10-25T16:16:13.821,152.578125,203.466797,188.964844,1736,2315,2150
2025-10-25T16:16:13.869,150.117188,203.466797,188.964844,1708,2315,2150
2025-10-25T16:16:13.917,147.480469,203.466797,188.964844,1678,2315,2150
2025-10-25T16:16:13.965,144.316406,203.378906,188.876953,1642,2314,2149
2025-10-25T16:16:14.013,140.449219,203.378906,188.876953,1598,2314,2149
2025-10-25T16:16:14.061,137.460938,203.378906,188.876953,1564,2314,2149
2025-10-25T16:16:14.109,134.824219,203.378906,188.876953,1534,2314,2149
2025-10-25T16:16:14.157,131.835938,203.378906,188.964844,1500,2314,2150
2025-10-25T16:16:14.205,128.583984,203.378906,188.876953,1463,2314,2149
2025-10-25T16:16:14.253,125.507812,203.378906,188.964844,1428,2314,2150
2025-10-25T16:16:14.301,122.871094,203.291016,188.964844,1398,2313,2150
2025-10-25T16:16:14.349,120.849609,203.378906,188.876953,1375,2314,2149
2025-10-25T16:16:14.397,119.179688,203.291016,188.876953,1356,2313,2149
2025-10-25T16:16:14.445,117.685547,203.115234,188.876953,1339,2311,2149
2025-10-25T16:16:14.493,116.191406,202.587891,188.876953,1322,2305,2149
2025-10-25T16:16:14.541,115.048828,201.533203,188.701172,1309,2293,2147
2025-10-25T16:16:14.589,114.433594,199.951172,188.437500,1302,2275,2144
2025-10-25T16:16:14.637,113.906250,197.841797,187.207031,1296,2251,2130
2025-10-25T16:16:14.685,113.642578,195.292969,185.009766,1293,2222,2105
2025-10-25T16:16:14.733,113.554688,192.216797,182.197266,1292,2187,2073
2025-10-25T16:16:14.781,113.466797,188.525391,178.681641,1291,2145,2033
2025-10-25T16:16:14.829,113.466797,184.482422,174.990234,1291,2099,1991
2025-10-25T16:16:14.877,113.466797,180.087891,171.210938,1291,2049,1948
2025-10-25T16:16:14.925,113.291016,175.166016,167.871094,1289,1993,1910
2025-10-25T16:16:14.973,113.378906,169.716797,165.058594,1290,1931,1878
2025-10-25T16:16:15.021,113.378906,163.916016,162.861328,1290,1865,1853
2025-10-25T16:16:15.069,113.818359,157.763672,161.367188,1295,1795,1836
2025-10-25T16:16:15.117,114.433594,151.259766,161.279297,1302,1721,1835
2025-10-25T16:16:15.165,115.576172,147.832031,162.861328,1315,1682,1853
2025-10-25T16:16:15.213,117.070312,147.304688,164.443359,1332,1676,1871
2025-10-25T16:16:15.261,118.740234,147.216797,164.531250,1351,1675,1872
2025-10-25T16:16:15.309,120.585938,147.128906,164.531250,1372,1674,1872
2025-10-25T16:16:15.357,122.519531,147.216797,164.531250,1394,1675,1872
2025-10-25T16:16:15.405,124.804688,147.216797,164.619141,1420,1675,1873
2025-10-25T16:16:15.453,127.441406,147.128906,164.882812,1450,1674,1876
2025-10-25T16:16:15.501,130.429688,147.128906,165.058594,1484,1674,1878
2025-10-25T16:16:15.549,133.945312,147.128906,165.146484,1524,1674,1879
2025-10-25T16:16:15.597,137.460938,147.128906,165.146484,1564,1674,1879
2025-10-25T16:16:15.645,141.152344,147.128906,165.146484,1606,1674,1879
2025-10-25T16:16:15.693,144.755859,147.216797,165.146484,1647,1675,1879
2025-10-25T16:16:15.741,148.271484,147.128906,165.146484,1687,1674,1879
2025-10-25T16:16:15.789,151.699219,147.216797,165.146484,1726,1675,1879
2025-10-25T16:16:15.837,155.214844,147.216797,165.146484,1766,1675,1879
2025-10-25T16:16:15.885,158.642578,147.216797,165.146484,1805,1675,1879
2025-10-25T16:16:15.933,161.806641,147.216797,165.146484,1841,1675,1879
2025-10-25T16:16:15.981,165.322266,147.216797,165.146484,1881,1675,1879
2025-10-25T16:16:16.029,168.925781,147.304688,165.146484,1922,1676,1879
2025-10-25T16:16:16.077,172.441406,147.304688,165.146484,1962,1676,1879
2025-10-25T16:16:16.125,175.869141,147.392578,165.146484,2001,1677,1879
2025-10-25T16:16:16.173,179.033203,147.656250,165.146484,2037,1680,1879
2025-10-25T16:16:16.221,182.021484,147.656250,165.146484,2071,1680,1879
2025-10-25T16:16:16.269,184.570312,147.744141,165.146484,2100,1681,1879
2025-10-25T16:16:16.317,187.207031,147.744141,165.146484,2130,1681,1879
2025-10-25T16:16:16.365,189.843750,147.744141,165.146484,2160,1681,1879
2025-10-25T16:16:16.413,192.216797,147.744141,165.146484,2187,1681,1879
2025-10-25T16:16:16.461,194.150391,147.832031,165.234375,2209,1682,1880
2025-10-25T16:16:16.509,196.171875,147.919922,165.234375,2232,1683,1880
2025-10-25T16:16:16.557,197.753906,148.183594,165.585938,2250,1686,1884
2025-10-25T16:16:16.605,199.335938,148.710938,166.201172,2268,1692,1891
2025-10-25T16:16:16.652,200.654297,149.941406,167.607422,2283,1706,1907
2025-10-25T16:16:16.700,201.884766,151.523438,169.365234,2297,1724,1927
2025-10-25T16:16:16.748,203.027344,153.896484,171.474609,2310,1751,1951
2025-10-25T16:16:16.796,203.994141,156.972656,173.847656,2321,1786,1978
2025-10-25T16:16:16.844,205.048828,160.224609,176.132812,2333,1823,2004
2025-10-25T16:16:16.892,206.015625,163.740234,177.890625,2344,1863,2024
2025-10-25T16:16:16.940,206.806641,167.167969,179.033203,2353,1902,2037
2025-10-25T16:16:16.988,207.597656,170.419922,179.736328,2362,1939,2045
2025-10-25T16:16:17.036,208.212891,173.583984,180.439453,2369,1975,2053
2025-10-25T16:16:17.084,208.652344,176.484375,181.406250,2374,2008,2064
2025-10-25T16:16:17.132,209.091797,179.121094,182.724609,2379,2038,2079
2025-10-25T16:16:17.180,209.531250,181.494141,184.130859,2384,2065,2095
2025-10-25T16:16:17.228,210.058594,183.515625,185.185547,2390,2088,2107
2025-10-25T16:16:17.276,210.410156,185.273438,186.064453,2394,2108,2117
2025-10-25T16:16:17.324,210.585938,186.679688,186.943359,2396,2124,2127
2025-10-25T16:16:17.372,210.585938,187.910156,187.998047,2396,2138,2139
2025-10-25T16:16:17.420,210.673828,188.964844,189.052734,2397,2150,2151
2025-10-25T16:16:17.468,210.498047,189.755859,190.195312,2395,2159,2164
2025-10-25T16:16:17.516,210.234375,190.458984,191.250000,2392,2167,2176
2025-10-25T16:16:17.564,209.970703,191.074219,192.304688,2389,2174,2188
2025-10-25T16:16:17.612,209.707031,191.689453,193.710938,2386,2181,2204
2025-10-25T16:16:17.660,209.355469,192.216797,195.205078,2382,2187,2221
2025-10-25T16:16:17.708,208.828125,192.744141,196.259766,2376,2193,2233
2025-10-25T16:16:17.756,208.212891,193.095703,196.611328,2369,2197,2237
2025-10-25T16:16:17.804,207.333984,193.095703,196.611328,2359,2197,2237
2025-10-25T16:16:17.852,205.927734,193.095703,196.611328,2343,2197,2237
2025-10-25T16:16:17.900,204.433594,193.095703,196.523438,2326,2197,2236
2025-10-25T16:16:17.948,202.500000,193.095703,196.611328,2304,2197,2237
2025-10-25T16:16:17.996,200.302734,193.095703,196.611328,2279,2197,2237
2025-10-25T16:16:18.044,197.753906,193.095703,196.611328,2250,2197,2237
2025-10-25T16:16:18.092,195.029297,193.095703,196.611328,2219,2197,2237
2025-10-25T16:16:18.140,191.777344,193.095703,196.611328,2182,2197,2237
2025-10-25T16:16:18.188,188.613281,193.095703,196.523438,2146,2197,2236
2025-10-25T16:16:18.236,185.273438,193.095703,196.523438,2108,2197,2236
2025-10-25T16:16:18.284,181.845703,193.095703,196.523438,2069,2197,2236
2025-10-25T16:16:18.332,178.330078,193.095703,196.523438,2029,2197,2236
2025-10-25T16:16:18.380,174.726562,193.095703,196.611328,1988,2197,2237
2025-10-25T16:16:18.428,170.947266,193.095703,196.523438,1945,2197,2236
2025-10-25T16:16:18.476,167.080078,193.095703,196.523438,1901,2197,2236
2025-10-25T16:16:18.524,162.949219,193.095703,196.523438,1854,2197,2236
2025-10-25T16:16:18.572,158.818359,193.095703,196.523438,1807,2197,2236
2025-10-25T16:16:18.620,154.599609,193.095703,196.523438,1759,2197,2236
2025-10-25T16:16:18.669,151.171875,193.095703,196.435547,1720,2197,2235
2025-10-25T16:16:18.716,148.183594,193.095703,196.435547,1686,2197,2235
2025-10-25T16:16:18.764,145.810547,193.095703,196.435547,1659,2197,2235
2025-10-25T16:16:18.812,143.437500,193.095703,196.435547,1632,2197,2235
2025-10-25T16:16:18.860,140.976562,193.095703,196.435547,1604,2197,2235
2025-10-25T16:16:18.908,138.603516,193.095703,196.435547,1577,2197,2235
2025-10-25T16:16:18.956,136.582031,193.095703,196.435547,1554,2197,2235
2025-10-25T16:16:19.004,134.560547,193.095703,196.435547,1531,2197,2235
2025-10-25T16:16:19.052,132.363281,193.095703,196.435547,1506,2197,2235
2025-10-25T16:16:19.100,130.253906,193.095703,196.435547,1482,2197,2235
2025-10-25T16:16:19.148,128.144531,193.095703,196.435547,1458,2197,2235
2025-10-25T16:16:19.196,125.859375,193.095703,196.435547,1432,2197,2235
2025-10-25T16:16:19.244,123.662109,193.095703,196.259766,1407,2197,2233
2025-10-25T16:16:19.292,121.552734,193.095703,196.171875,1383,2197,2232
2025-10-25T16:16:19.340,119.619141,193.095703,196.083984,1361,2197,2231
2025-10-25T16:16:19.388,117.597656,192.656250,196.083984,1338,2192,2231
2025-10-25T16:16:19.436,115.751953,192.568359,195.996094,1317,2191,2230
2025-10-25T16:16:19.484,113.994141,192.480469,195.996094,1297,2190,2230
2025-10-25T16:16:19.532,112.587891,192.480469,195.996094,1281,2190,2230
2025-10-25T16:16:19.580,111.621094,192.480469,195.996094,1270,2190,2230
2025-10-25T16:16:19.628,110.742188,192.392578,195.908203,1260,2189,2229
2025-10-25T16:16:19.676,109.951172,192.216797,195.908203,1251,2187,2229
2025-10-25T16:16:19.724,109.511719,191.777344,195.908203,1246,2182,2229
2025-10-25T16:16:19.772,109.248047,190.634766,195.908203,1243,2169,2229
2025-10-25T16:16:19.820,108.984375,188.701172,195.908203,1240,2147,2229
2025-10-25T16:16:19.868,108.808594,186.064453,195.908203,1238,2117,2229
2025-10-25T16:16:19.916,108.457031,182.636719,195.908203,1234,2078,2229
2025-10-25T16:16:19.964,108.281250,178.417969,195.908203,1232,2030,2229
2025-10-25T16:16:20.012,108.105469,173.759766,195.908203,1230,1977,2229
2025-10-25T16:16:20.060,108.017578,169.189453,195.908203,1229,1925,2229
2025-10-25T16:16:20.108,108.105469,164.970703,195.820312,1230,1877,2228
2025-10-25T16:16:20.156,108.105469,161.630859,195.732422,1230,1839,2227
2025-10-25T16:16:20.204,108.369141,158.994141,195.556641,1233,1809,2225
2025-10-25T16:16:20.252,108.720703,157.148438,195.029297,1237,1788,2219
2025-10-25T16:16:20.300,108.984375,155.830078,193.535156,1240,1773,2202
2025-10-25T16:16:20.348,109.160156,154.775391,190.722656,1242,1761,2170
2025-10-25T16:16:20.396,109.423828,154.072266,186.943359,1245,1753,2127
2025-10-25T16:16:20.444,109.687500,153.544922,182.109375,1248,1747,2072
2025-10-25T16:16:20.492,110.126953,153.105469,176.660156,1253,1742,2010
2025-10-25T16:16:20.540,110.917969,152.578125,171.210938,1262,1736,1948
2025-10-25T16:16:20.588,112.148438,151.875000,166.816406,1276,1728,1898
2025-10-25T16:16:20.636,113.642578,150.820312,163.476562,1293,1716,1860
2025-10-25T16:16:20.684,115.400391,149.501953,161.982422,1313,1701,1843
2025-10-25T16:16:20.732,117.070312,149.414062,162.070312,1332,1700,1844
2025-10-25T16:16:20.780,118.828125,149.150391,162.333984,1352,1697,1847
2025-10-25T16:16:20.828,120.585938,148.886719,162.509766,1372,1694,1849
2025-10-25T16:16:20.876,122.431641,148.886719,162.509766,1393,1694,1849
2025-10-25T16:16:20.924,124.541016,148.974609,162.509766,1417,1695,1849
2025-10-25T16:16:20.972,126.650391,148.974609,162.509766,1441,1695,1849
2025-10-25T16:16:21.020,129.199219,148.974609,162.509766,1470,1695,1849
2025-10-25T16:16:21.068,132.275391,149.238281,162.509766,1505,1698,1849
2025-10-25T16:16:21.116,135.439453,149.326172,162.509766,1541,1699,1849
2025-10-25T16:16:21.164,138.779297,149.326172,162.509766,1579,1699,1849
2025-10-25T16:16:21.212,142.207031,149.326172,162.509766,1618,1699,1849
2025-10-25T16:16:21.260,145.283203,149.414062,162.509766,1653,1700,1849
2025-10-25T16:16:21.308,148.535156,149.414062,162.421875,1690,1700,1848
2025-10-25T16:16:21.356,151.787109,149.414062,162.509766,1727,1700,1849
2025-10-25T16:16:21.404,154.863281,149.414062,162.509766,1762,1700,1849
2025-10-25T16:16:21.452,158.027344,149.326172,162.509766,1798,1699,1849
2025-10-25T16:16:21.500,161.191406,149.414062,162.509766,1834,1700,1849
2025-10-25T16:16:21.548,164.355469,149.414062,162.509766,1870,1700,1849
2025-10-25T16:16:21.596,167.519531,149.414062,162.509766,1906,1700,1849
2025-10-25T16:16:21.644,170.859375,149.414062,162.509766,1944,1700,1849
2025-10-25T16:16:21.692,174.287109,149.414062,162.509766,1983,1700,1849
2025-10-25T16:16:21.740,177.802734,149.414062,162.509766,2023,1700,1849
2025-10-25T16:16:21.788,181.142578,149.414062,162.509766,2061,1700,1849
2025-10-25T16:16:21.836,184.130859,149.414062,162.509766,2095,1700,1849
2025-10-25T16:16:21.884,186.943359,149.414062,162.421875,2127,1700,1848
2025-10-25T16:16:21.932,189.667969,149.501953,162.509766,2158,1701,1849
2025-10-25T16:16:21.980,192.216797,149.501953,162.509766,2187,1701,1849
2025-10-25T16:16:22.028,194.589844,149.501953,162.509766,2214,1701,1849
2025-10-25T16:16:22.076,196.962891,149.501953,162.421875,2241,1701,1848
2025-10-25T16:16:22.124,199.423828,149.501953,162.509766,2269,1701,1849
2025-10-25T16:16:22.172,201.533203,149.589844,162.509766,2293,1702,1849
2025-10-25T16:16:22.220,203.466797,149.853516,162.509766,2315,1705,1849
2025-10-25T16:16:22.268,205.048828,150.029297,162.509766,2333,1707,1849
2025-10-25T16:16:22.316,206.367188,150.468750,162.509766,2348,1712,1849
2025-10-25T16:16:22.364,207.597656,151.171875,162.509766,2362,1720,1849
2025-10-25T16:16:22.412,208.388672,152.490234,162.509766,2371,1735,1849
2025-10-25T16:16:22.460,209.003906,154.687500,162.509766,2378,1760,1849
2025-10-25T16:16:22.508,209.443359,157.763672,162.597656,2383,1795,1850
2025-10-25T16:16:22.556,209.882812,161.279297,162.861328,2388,1835,1853
2025-10-25T16:16:22.604,210.234375,165.234375,163.388672,2392,1880,1859
2025-10-25T16:16:22.652,210.673828,169.013672,164.179688,2397,1923,1868
2025-10-25T16:16:22.700,211.113281,172.441406,165.146484,2402,1962,1879
2025-10-25T16:16:22.748,211.464844,175.253906,166.640625,2406,1994,1896
2025-10-25T16:16:22.796,211.728516,177.363281,168.574219,2409,2018,1918
2025-10-25T16:16:22.844,211.816406,178.857422,170.683594,2410,2035,1942
2025-10-25T16:16:22.892,211.816406,179.648438,172.880859,2410,2044,1967
2025-10-25T16:16:22.940,211.816406,180.000000,175.166016,2410,2048,1993
2025-10-25T16:16:22.988,211.816406,180.000000,177.539062,2410,2048,2020
2025-10-25T16:16:23.036,211.904297,180.087891,179.824219,2411,2049,2046
2025-10-25T16:16:23.084,211.992188,180.087891,181.933594,2412,2049,2070
2025-10-25T16:16:23.132,211.992188,180.087891,183.955078,2412,2049,2093
2025-10-25T16:16:23.180,211.904297,180.351562,185.449219,2411,2052,2110
2025-10-25T16:16:23.228,211.376953,180.966797,186.240234,2405,2059,2119
2025-10-25T16:16:23.276,210.849609,182.197266,186.416016,2399,2073,2121
2025-10-25T16:16:23.324,210.058594,184.042969,186.416016,2390,2094,2121
2025-10-25T16:16:23.372,209.355469,186.416016,186.416016,2382,2121,2121
2025-10-25T16:16:23.420,208.476562,189.052734,186.416016,2372,2151,2121
2025-10-25T16:16:23.468,207.333984,191.601562,186.416016,2359,2180,2121
2025-10-25T16:16:23.516,206.279297,194.150391,186.416016,2347,2209,2121
2025-10-25T16:16:23.564,205.048828,196.171875,186.416016,2333,2232,2121
2025-10-25T16:16:23.612,203.730469,197.666016,186.416016,2318,2249,2121
2025-10-25T16:16:23.660,202.236328,198.369141,186.328125,2301,2257,2120
2025-10-25T16:16:23.708,200.654297,198.457031,186.328125,2283,2258,2120
2025-10-25T16:16:23.756,198.632812,198.457031,186.328125,2260,2258,2120
2025-10-25T16:16:23.804,196.347656,198.457031,186.416016,2234,2258,2121
2025-10-25T16:16:23.852,193.271484,198.457031,186.416016,2199,2258,2121
2025-10-25T16:16:23.900,189.492188,198.457031,186.328125,2156,2258,2120
2025-10-25T16:16:23.948,185.273438,198.457031,186.416016,2108,2258,2121
2025-10-25T16:16:23.996,180.878906,198.457031,186.416016,2058,2258,2121
2025-10-25T16:16:24.044,176.308594,198.457031,186.416016,2006,2258,2121
2025-10-25T16:16:24.092,171.738281,198.457031,186.416016,1954,2258,2121
2025-10-25T16:16:24.140,167.343750,198.457031,186.328125,1904,2258,2120
2025-10-25T16:16:24.188,163.125000,198.369141,186.416016,1856,2257,2121
2025-10-25T16:16:24.236,159.345703,198.369141,186.328125,1813,2257,2120
2025-10-25T16:16:24.284,155.917969,198.369141,186.416016,1774,2257,2121
2025-10-25T16:16:24.332,152.753906,198.369141,186.328125,1738,2257,2120
2025-10-25T16:16:24.380,149.853516,198.281250,186.416016,1705,2256,2121
2025-10-25T16:16:24.428,147.128906,198.369141,186.416016,1674,2257,2121
2025-10-25T16:16:24.476,144.667969,198.281250,186.416016,1646,2256,2121
2025-10-25T16:16:24.524,142.558594,198.281250,186.328125,1622,2256,2120
2025-10-25T16:16:24.572,140.449219,198.193359,186.416016,1598,2255,2121
2025-10-25T16:16:24.620,138.427734,198.105469,186.416016,1575,2254,2121
2025-10-25T16:16:24.668,136.582031,198.105469,186.416016,1554,2254,2121
2025-10-25T16:16:24.716,134.648438,198.105469,186.416016,1532,2254,2121
2025-10-25T16:16:24.764,132.714844,198.105469,186.416016,1510,2254,2121
2025-10-25T16:16:24.812,130.693359,198.105469,186.328125,1487,2254,2120
2025-10-25T16:16:24.860,128.759766,198.105469,186.416016,1465,2254,2121
2025-10-25T16:16:24.908,126.914062,198.105469,186.328125,1444,2254,2120
2025-10-25T16:16:24.956,125.068359,198.105469,186.416016,1423,2254,2121
2025-10-25T16:16:25.004,123.046875,198.105469,186.416016,1400,2254,2121
2025-10-25T16:16:25.052,120.937500,198.017578,186.416016,1376,2253,2121
2025-10-25T16:16:25.100,119.179688,198.017578,186.416016,1356,2253,2121
2025-10-25T16:16:25.148,117.509766,198.017578,186.328125,1337,2253,2120
2025-10-25T16:16:25.196,115.751953,197.929688,186.416016,1317,2252,2121
2025-10-25T16:16:25.244,114.257812,197.841797,186.328125,1300,2251,2120
2025-10-25T16:16:25.292,112.851562,197.841797,185.888672,1284,2251,2115
2025-10-25T16:16:25.340,111.972656,197.841797,185.800781,1274,2251,2114
2025-10-25T16:16:25.388,111.181641,197.753906,185.800781,1265,2250,2114
2025-10-25T16:16:25.436,110.917969,197.490234,185.712891,1262,2247,2113
2025-10-25T16:16:25.484,110.654297,196.787109,185.625000,1259,2239,2112
2025-10-25T16:16:25.532,110.654297,195.029297,185.537109,1259,2219,2111
2025-10-25T16:16:25.580,110.654297,192.216797,185.361328,1259,2187,2109
2025-10-25T16:16:25.628,110.830078,188.261719,185.185547,1261,2142,2107
2025-10-25T16:16:25.676,110.917969,183.603516,184.833984,1262,2089,2103
2025-10-25T16:16:25.724,111.357422,178.505859,184.042969,1267,2031,2094
2025-10-25T16:16:25.772,111.884766,173.496094,182.636719,1273,1974,2078
2025-10-25T16:16:25.820,112.675781,169.013672,180.439453,1282,1923,2053
2025-10-25T16:16:25.868,113.554688,165.673828,177.451172,1292,1885,2019
2025-10-25T16:16:25.916,114.873047,163.212891,174.287109,1307,1857,1983
2025-10-25T16:16:25.964,116.367188,161.542969,170.771484,1324,1838,1943
2025-10-25T16:16:26.012,118.125000,160.312500,167.607422,1344,1824,1907
2025-10-25T16:16:26.060,120.058594,159.609375,165.058594,1366,1816,1878
2025-10-25T16:16:26.108,122.080078,158.994141,163.125000,1389,1809,1856
2025-10-25T16:16:26.156,124.277344,158.378906,161.718750,1414,1802,1840
2025-10-25T16:16:26.204,126.650391,157.500000,160.927734,1441,1792,1831
2025-10-25T16:16:26.252,129.287109,156.357422,160.664062,1471,1779,1828
2025-10-25T16:16:26.300,132.187500,154.951172,160.664062,1504,1763,1828
2025-10-25T16:16:26.348,135.087891,153.105469,160.664062,1537,1742,1828
2025-10-25T16:16:26.396,137.900391,151.083984,161.191406,1569,1719,1834
2025-10-25T16:16:26.444,140.800781,150.292969,161.279297,1602,1710,1835
2025-10-25T16:16:26.492,143.349609,150.205078,161.279297,1631,1709,1835
2025-10-25T16:16:26.540,145.634766,150.205078,161.367188,1657,1709,1836
2025-10-25T16:16:26.588,147.480469,150.205078,161.367188,1678,1709,1836
2025-10-25T16:16:26.636,149.238281,150.205078,161.455078,1698,1709,1837
2025-10-25T16:16:26.684,150.732422,150.029297,161.806641,1715,1707,1841
2025-10-25T16:16:26.732,152.841797,149.677734,162.246094,1739,1703,1846
2025-10-25T16:16:26.780,155.390625,149.501953,162.333984,1768,1701,1847
2025-10-25T16:16:26.828,158.291016,149.589844,162.333984,1801,1702,1847
2025-10-25T16:16:26.876,161.015625,149.589844,162.333984,1832,1702,1847
2025-10-25T16:16:26.924,163.828125,149.589844,162.333984,1864,1702,1847
2025-10-25T16:16:26.972,166.640625,149.589844,162.333984,1896,1702,1847
2025-10-25T16:16:27.020,169.453125,149.589844,162.421875,1928,1702,1848
2025-10-25T16:16:27.068,172.441406,149.589844,162.333984,1962,1702,1847
2025-10-25T16:16:27.116,174.814453,149.589844,162.333984,1989,1702,1847
2025-10-25T16:16:27.164,177.363281,149.589844,162.421875,2018,1702,1848
2025-10-25T16:16:27.212,179.560547,149.589844,162.333984,2043,1702,1847
2025-10-25T16:16:27.260,181.757812,149.589844,162.421875,2068,1702,1848
2025-10-25T16:16:27.308,183.779297,149.589844,162.333984,2091,1702,1847
2025-10-25T16:16:27.356,185.800781,149.589844,162.333984,2114,1702,1847
2025-10-25T16:16:27.404,187.646484,149.589844,162.421875,2135,1702,1848
2025-10-25T16:16:27.452,189.492188,149.501953,162.421875,2156,1701,1848
2025-10-25T16:16:27.500,191.601562,149.589844,162.333984,2180,1702,1847
2025-10-25T16:16:27.548,194.326172,149.677734,162.333984,2211,1703,1847
2025-10-25T16:16:27.596,197.314453,149.853516,162.333984,2245,1705,1847
2025-10-25T16:16:27.644,200.302734,149.941406,162.421875,2279,1706,1848
2025-10-25T16:16:27.692,203.203125,150.029297,162.333984,2312,1707,1847
2025-10-25T16:16:27.740,205.576172,150.029297,162.333984,2339,1707,1847
2025-10-25T16:16:27.788,207.421875,150.117188,162.333984,2360,1708,1847
2025-10-25T16:16:27.836,209.091797,150.117188,162.333984,2379,1708,1847
2025-10-25T16:16:27.884,210.937500,150.205078,162.333984,2400,1709,1847
2025-10-25T16:16:27.932,212.871094,150.205078,162.333984,2422,1709,1847
2025-10-25T16:16:27.980,214.892578,150.205078,162.333984,2445,1709,1847
2025-10-25T16:16:28.028,216.650391,150.380859,162.333984,2465,1711,1847
2025-10-25T16:16:28.076,217.968750,150.644531,162.333984,2480,1714,1847
2025-10-25T16:16:28.124,218.671875,151.083984,162.421875,2488,1719,1848
2025-10-25T16:16:28.172,218.935547,152.138672,162.421875,2491,1731,1848
2025-10-25T16:16:28.220,218.847656,153.984375,162.597656,2490,1752,1850
2025-10-25T16:16:28.268,218.583984,156.796875,163.037109,2487,1784,1855
2025-10-25T16:16:28.316,218.320312,160.488281,163.828125,2484,1826,1864
2025-10-25T16:16:28.364,218.320312,164.619141,165.146484,2484,1873,1879
2025-10-25T16:16:28.412,218.320312,169.101562,167.167969,2484,1924,1902
2025-10-25T16:16:28.460,218.320312,173.496094,169.628906,2484,1974,1930
2025-10-25T16:16:28.508,218.232422,177.626953,172.353516,2483,2021,1961
2025-10-25T16:16:28.556,217.617188,181.142578,174.990234,2476,2061,1991
2025-10-25T16:16:28.604,216.914062,184.218750,177.539062,2468,2096,2020
2025-10-25T16:16:28.652,215.947266,186.855469,179.472656,2457,2126,2042
2025-10-25T16:16:28.700,214.804688,188.964844,180.703125,2444,2150,2056
2025-10-25T16:16:28.748,213.662109,190.546875,181.582031,2431,2168,2066
2025-10-25T16:16:28.796,212.519531,191.601562,181.845703,2418,2180,2069
2025-10-25T16:16:28.844,211.201172,192.041016,181.845703,2403,2185,2069
2025-10-25T16:16:28.892,209.619141,192.041016,181.845703,2385,2185,2069
2025-10-25T16:16:28.940,207.773438,192.041016,181.933594,2364,2185,2070
2025-10-25T16:16:28.988,205.751953,192.128906,182.197266,2341,2186,2073
2025-10-25T16:16:29.036,203.818359,192.041016,182.988281,2319,2185,2082
2025-10-25T16:16:29.084,201.972656,192.128906,184.130859,2298,2186,2095
2025-10-25T16:16:29.132,200.214844,192.128906,185.097656,2278,2186,2106
2025-10-25T16:16:29.180,198.457031,192.128906,186.064453,2258,2186,2117
2025-10-25T16:16:29.228,196.699219,192.128906,186.767578,2238,2186,2125
2025-10-25T16:16:29.276,194.677734,192.128906,187.031250,2215,2186,2128
2025-10-25T16:16:29.324,192.041016,192.128906,187.031250,2185,2186,2128
2025-10-25T16:16:29.372,188.876953,192.128906,187.031250,2149,2186,2128
2025-10-25T16:16:29.420,185.185547,192.128906,187.031250,2107,2186,2128
2025-10-25T16:16:29.468,180.878906,192.128906,187.031250,2058,2186,2128
2025-10-25T16:16:29.516,176.572266,192.128906,186.943359,2009,2186,2127
2025-10-25T16:16:29.564,172.265625,192.128906,187.031250,1960,2186,2128
2025-10-25T16:16:29.612,168.134766,192.128906,187.031250,1913,2186,2128
2025-10-25T16:16:29.660,164.091797,192.041016,187.031250,1867,2185,2128
2025-10-25T16:16:29.708,160.224609,192.041016,187.031250,1823,2185,2128
2025-10-25T16:16:29.756,156.445312,192.128906,187.031250,1780,2186,2128
2025-10-25T16:16:29.804,153.017578,192.041016,187.031250,1741,2185,2128
2025-10-25T16:16:29.852,149.853516,192.041016,187.031250,1705,2185,2128
2025-10-25T16:16:29.900,147.128906,192.041016,187.031250,1674,2185,2128
2025-10-25T16:16:29.948,144.492188,192.041016,187.031250,1644,2185,2128
2025-10-25T16:16:29.996,141.943359,192.041016,187.031250,1615,2185,2128
2025-10-25T16:16:30.044,139.218750,192.041016,187.031250,1584,2185,2128
2025-10-25T16:16:30.092,136.318359,192.041016,186.943359,1551,2185,2127
2025-10-25T16:16:30.140,133.242188,192.041016,186.943359,1516,2185,2127
2025-10-25T16:16:30.188,129.990234,192.041016,187.031250,1479,2185,2128
2025-10-25T16:16:30.236,126.738281,192.041016,187.031250,1442,2185,2128
2025-10-25T16:16:30.284,123.574219,192.041016,187.031250,1406,2185,2128
2025-10-25T16:16:30.332,121.025391,192.041016,187.031250,1377,2185,2128
2025-10-25T16:16:30.380,118.564453,192.041016,187.031250,1349,2185,2128
2025-10-25T16:16:30.428,116.279297,192.041016,187.031250,1323,2185,2128
2025-10-25T16:16:30.476,114.257812,192.041016,187.031250,1300,2185,2128
2025-10-25T16:16:30.524,112.324219,192.041016,187.031250,1278,2185,2128
2025-10-25T16:16:30.572,110.302734,192.041016,187.031250,1255,2185,2128
2025-10-25T16:16:30.620,108.369141,192.041016,186.943359,1233,2185,2127
2025-10-25T16:16:30.668,106.962891,192.041016,187.031250,1217,2185,2128
2025-10-25T16:16:30.716,105.380859,192.041016,186.943359,1199,2185,2127
2025-10-25T16:16:30.764,104.589844,192.041016,186.943359,1190,2185,2127
2025-10-25T16:16:30.812,103.798828,192.041016,186.503906,1181,2185,2122
2025-10-25T16:16:30.860,103.359375,191.601562,186.416016,1176,2180,2121
2025-10-25T16:16:30.908,103.007812,191.513672,186.328125,1172,2179,2120
2025-10-25T16:16:30.956,102.832031,191.513672,186.328125,1170,2179,2120
2025-10-25T16:16:31.004,102.568359,191.513672,186.152344,1167,2179,2118
2025-10-25T16:16:31.052,102.392578,191.250000,185.800781,1165,2176,2114
2025-10-25T16:16:31.100,102.216797,190.546875,184.921875,1163,2168,2104
2025-10-25T16:16:31.148,102.392578,188.876953,183.427734,1165,2149,2087
2025-10-25T16:16:31.196,102.480469,186.240234,181.054688,1166,2119,2060
2025-10-25T16:16:31.244,102.744141,182.812500,177.626953,1169,2080,2021
2025-10-25T16:16:31.292,103.183594,178.505859,173.847656,1174,2031,1978
2025-10-25T16:16:31.340,104.150391,173.935547,169.804688,1185,1979,1932
2025-10-25T16:16:31.388,105.380859,169.365234,166.376953,1199,1927,1893
2025-10-25T16:16:31.435,106.611328,165.410156,163.388672,1213,1882,1859
2025-10-25T16:16:31.483,108.017578,161.982422,161.103516,1229,1843,1833
2025-10-25T16:16:31.531,109.687500,159.082031,159.345703,1248,1810,1813
2025-10-25T16:16:31.580,111.357422,156.708984,158.115234,1267,1783,1799
2025-10-25T16:16:31.628,112.763672,154.599609,157.675781,1283,1759,1794
2025-10-25T16:16:31.676,114.169922,153.808594,158.115234,1299,1750,1799
2025-10-25T16:16:31.723,116.015625,153.720703,158.115234,1320,1749,1799
2025-10-25T16:16:31.771,117.861328,153.720703,158.115234,1341,1749,1799
2025-10-25T16:16:31.819,119.707031,153.632812,158.115234,1362,1748,1799
2025-10-25T16:16:31.867,121.376953,153.632812,158.203125,1381,1748,1800
2025-10-25T16:16:31.915,123.574219,153.632812,158.203125,1406,1748,1800
2025-10-25T16:16:31.963,126.474609,153.632812,158.203125,1439,1748,1800
2025-10-25T16:16:32.011,129.726562,153.720703,158.203125,1476,1749,1800
2025-10-25T16:16:32.060,133.593750,153.720703,158.203125,1520,1749,1800
2025-10-25T16:16:32.108,137.109375,153.720703,158.203125,1560,1749,1800
2025-10-25T16:16:32.155,140.888672,153.720703,158.203125,1603,1749,1800
2025-10-25T16:16:32.203,144.580078,153.720703,158.203125,1645,1749,1800
2025-10-25T16:16:32.251,147.832031,153.720703,158.203125,1682,1749,1800
2025-10-25T16:16:32.299,150.908203,153.720703,158.203125,1717,1749,1800
2025-10-25T16:16:32.347,153.720703,153.720703,158.203125,1749,1749,1800
2025-10-25T16:16:32.395,156.445312,153.720703,158.203125,1780,1749,1800
2025-10-25T16:16:32.443,158.994141,153.720703,158.203125,1809,1749,1800
2025-10-25T16:16:32.491,161.279297,153.720703,158.203125,1835,1749,1800
2025-10-25T16:16:32.539,163.564453,153.720703,158.203125,1861,1749,1800
2025-10-25T16:16:32.587,165.849609,153.720703,158.203125,1887,1749,1800
2025-10-25T16:16:32.635,168.222656,153.720703,158.203125,1914,1749,1800
2025-10-25T16:16:32.683,170.683594,153.720703,158.203125,1942,1749,1800
2025-10-25T16:16:32.731,173.232422,153.720703,158.203125,1971,1749,1800
2025-10-25T16:16:32.779,175.693359,153.720703,158.203125,1999,1749,1800
2025-10-25T16:16:32.827,178.330078,153.808594,158.203125,2029,1750,1800
2025-10-25T16:16:32.875,181.318359,153.808594,158.203125,2063,1750,1800
2025-10-25T16:16:32.923,184.042969,153.808594,158.203125,2094,1750,1800
2025-10-25T16:16:32.971,186.943359,153.808594,158.203125,2127,1750,1800
2025-10-25T16:16:33.019,189.931641,153.808594,158.203125,2161,1750,1800
2025-10-25T16:16:33.067,192.832031,153.808594,158.203125,2194,1750,1800
2025-10-25T16:16:33.115,195.292969,153.720703,158.203125,2222,1749,1800
2025-10-25T16:16:33.163,197.753906,153.808594,158.203125,2250,1750,1800
2025-10-25T16:16:33.211,199.775391,153.808594,158.203125,2273,1750,1800
2025-10-25T16:16:33.259,201.533203,153.808594,158.203125,2293,1750,1800
2025-10-25T16:16:33.307,203.378906,153.808594,158.203125,2314,1750,1800
2025-10-25T16:16:33.355,205.312500,153.808594,158.203125,2336,1750,1800
2025-10-25T16:16:33.403,207.333984,153.720703,158.203125,2359,1749,1800
2025-10-25T16:16:33.451,209.091797,153.808594,158.203125,2379,1750,1800
2025-10-25T16:16:33.499,210.673828,153.808594,158.203125,2397,1750,1800
2025-10-25T16:16:33.547,211.816406,153.896484,158.203125,2410,1751,1800
2025-10-25T16:16:33.595,212.783203,154.160156,158.203125,2421,1754,1800
2025-10-25T16:16:33.643,213.574219,154.599609,158.291016,2430,1759,1801
2025-10-25T16:16:33.691,214.277344,155.566406,158.203125,2438,1770,1800
2025-10-25T16:16:33.739,214.804688,157.236328,158.291016,2444,1789,1801
2025-10-25T16:16:33.787,215.332031,159.873047,158.291016,2450,1819,1801
2025-10-25T16:16:33.835,215.771484,163.125000,158.642578,2455,1856,1805
2025-10-25T16:16:33.883,216.035156,166.904297,159.345703,2458,1899,1813
2025-10-25T16:16:33.931,216.298828,170.683594,160.576172,2461,1942,1827
2025-10-25T16:16:33.979,216.474609,174.199219,162.246094,2463,1982,1846
2025-10-25T16:16:34.027,216.738281,177.275391,164.355469,2466,2017,1870
2025-10-25T16:16:34.075,216.914062,179.560547,166.376953,2468,2043,1893
2025-10-25T16:16:34.123,217.177734,181.318359,168.486328,2471,2063,1917
2025-10-25T16:16:34.171,217.265625,182.724609,170.507812,2472,2079,1940
2025-10-25T16:16:34.219,217.353516,183.691406,172.265625,2473,2090,1960
2025-10-25T16:16:34.267,217.353516,184.658203,173.759766,2473,2101,1977
2025-10-25T16:16:34.315,217.265625,185.449219,175.078125,2472,2110,1992
2025-10-25T16:16:34.363,217.089844,186.416016,176.308594,2470,2121,2006
2025-10-25T16:16:34.411,217.001953,187.382812,177.451172,2469,2132,2019
2025-10-25T16:16:34.459,216.826172,188.437500,178.242188,2467,2144,2028
2025-10-25T16:16:34.507,216.474609,189.667969,178.417969,2463,2158,2030
2025-10-25T16:16:34.555,215.859375,190.898438,178.417969,2456,2172,2030
2025-10-25T16:16:34.603,215.068359,192.216797,178.417969,2447,2187,2030
2025-10-25T16:16:34.651,213.925781,193.710938,178.417969,2434,2204,2030
2025-10-25T16:16:34.699,212.783203,195.292969,178.417969,2421,2222,2030
2025-10-25T16:16:34.747,211.552734,196.699219,178.505859,2407,2238,2031
2025-10-25T16:16:34.795,210.498047,198.017578,178.417969,2395,2253,2030
2025-10-25T16:16:34.843,209.707031,199.160156,178.417969,2386,2266,2030
2025-10-25T16:16:34.891,208.828125,199.951172,178.417969,2376,2275,2030
2025-10-25T16:16:34.939,208.037109,200.654297,178.417969,2367,2283,2030
2025-10-25T16:16:34.987,207.158203,200.917969,178.417969,2357,2286,2030
2025-10-25T16:16:35.035,206.367188,201.005859,178.417969,2348,2287,2030
2025-10-25T16:16:35.083,205.400391,200.917969,178.417969,2337,2286,2030
2025-10-25T16:16:35.131,204.169922,200.917969,178.417969,2323,2286,2030
2025-10-25T16:16:35.179,202.587891,200.917969,178.417969,2305,2286,2030
2025-10-25T16:16:35.227,200.566406,200.830078,178.417969,2282,2285,2030
2025-10-25T16:16:35.275,197.490234,200.830078,178.417969,2247,2285,2030
2025-10-25T16:16:35.323,194.501953,200.830078,178.417969,2213,2285,2030
2025-10-25T16:16:35.371,191.250000,200.742188,178.417969,2176,2284,2030
2025-10-25T16:16:35.419,187.998047,200.742188,178.417969,2139,2284,2030
2025-10-25T16:16:35.467,184.482422,200.742188,178.417969,2099,2284,2030
2025-10-25T16:16:35.515,180.615234,200.742188,178.417969,2055,2284,2030
2025-10-25T16:16:35.563,176.572266,200.830078,178.417969,2009,2285,2030
2025-10-25T16:16:35.611,172.529297,200.742188,178.417969,1963,2284,2030
2025-10-25T16:16:35.659,168.574219,200.742188,178.417969,1918,2284,2030
2025-10-25T16:16:35.707,164.882812,200.830078,178.417969,1876,2285,2030
2025-10-25T16:16:35.755,161.191406,200.742188,178.417969,1834,2284,2030
2025-10-25T16:16:35.803,157.763672,200.830078,178.417969,1795,2285,2030
2025-10-25T16:16:35.851,154.335938,200.742188,178.417969,1756,2284,2030
2025-10-25T16:16:35.899,151.171875,200.742188,178.417969,1720,2284,2030
2025-10-25T16:16:35.947,148.095703,200.742188,178.417969,1685,2284,2030
2025-10-25T16:16:35.995,145.371094,200.742188,178.417969,1654,2284,2030
2025-10-25T16:16:36.043,142.998047,200.742188,178.417969,1627,2284,2030
2025-10-25T16:16:36.091,140.625000,200.654297,178.417969,1600,2283,2030
2025-10-25T16:16:36.139,138.603516,200.742188,178.417969,1577,2284,2030
2025-10-25T16:16:36.187,136.494141,200.742188,178.417969,1553,2284,2030
2025-10-25T16:16:36.235,134.296875,200.742188,178.417969,1528,2284,2030
2025-10-25T16:16:36.283,132.011719,200.742188,178.417969,1502,2284,2030
2025-10-25T16:16:36.331,129.902344,200.742188,178.417969,1478,2284,2030
2025-10-25T16:16:36.379,127.529297,200.742188,178.417969,1451,2284,2030
2025-10-25T16:16:36.427,124.980469,200.742188,178.417969,1422,2284,2030
2025-10-25T16:16:36.475,122.343750,200.742188,178.417969,1392,2284,2030
2025-10-25T16:16:36.523,119.970703,200.742188,178.417969,1365,2284,2030
2025-10-25T16:16:36.571,117.509766,200.654297,178.417969,1337,2283,2030
2025-10-25T16:16:36.619,115.751953,200.566406,178.417969,1317,2282,2030
2025-10-25T16:16:36.667,114.697266,200.478516,178.417969,1305,2281,2030
2025-10-25T16:16:36.715,113.818359,200.390625,178.330078,1295,2280,2029
2025-10-25T16:16:36.763,113.027344,200.302734,177.802734,1286,2279,2023
2025-10-25T16:16:36.811,112.236328,200.126953,177.714844,1277,2277,2022
2025-10-25T16:16:36.859,111.621094,199.687500,177.626953,1270,2272,2021
2025-10-25T16:16:36.907,111.533203,198.632812,177.626953,1269,2260,2021
2025-10-25T16:16:36.955,111.533203,196.523438,177.539062,1269,2236,2020
2025-10-25T16:16:37.003,111.445312,193.447266,177.187500,1268,2201,2016
2025-10-25T16:16:37.051,111.357422,189.228516,176.484375,1267,2153,2008
2025-10-25T16:16:37.099,111.181641,184.042969,175.429688,1265,2094,1996
2025-10-25T16:16:37.147,111.181641,178.330078,173.671875,1265,2029,1976
2025-10-25T16:16:37.195,111.269531,172.353516,170.595703,1266,1961,1941
2025-10-25T16:16:37.243,111.269531,166.728516,167.080078,1266,1897,1901
2025-10-25T16:16:37.291,111.357422,161.894531,163.125000,1267,1842,1856
2025-10-25T16:16:37.339,111.621094,158.027344,159.082031,1270,1798,1810
2025-10-25T16:16:37.387,112.148438,155.302734,156.269531,1276,1767,1778
2025-10-25T16:16:37.435,113.115234,154.863281,155.830078,1287,1762,1773
2025-10-25T16:16:37.483,114.169922,155.302734,156.005859,1299,1767,1775
2025-10-25T16:16:37.531,115.224609,155.214844,156.005859,1311,1766,1775
2025-10-25T16:16:37.579,116.367188,155.214844,156.005859,1324,1766,1775
2025-10-25T16:16:37.627,117.861328,155.126953,156.181641,1341,1765,1777
2025-10-25T16:16:37.675,119.794922,155.126953,156.357422,1363,1765,1779
2025-10-25T16:16:37.723,121.904297,155.039062,156.445312,1387,1764,1780
2025-10-25T16:16:37.771,124.101562,155.039062,156.445312,1412,1764,1780
2025-10-25T16:16:37.819,126.738281,155.039062,156.533203,1442,1764,1781
2025-10-25T16:16:37.867,129.462891,155.039062,156.533203,1473,1764,1781
2025-10-25T16:16:37.915,132.451172,155.039062,156.533203,1507,1764,1781
2025-10-25T16:16:37.963,135.175781,155.039062,156.533203,1538,1764,1781
2025-10-25T16:16:38.011,137.724609,154.951172,156.533203,1567,1763,1781
2025-10-25T16:16:38.059,140.097656,154.687500,156.972656,1594,1760,1786
2025-10-25T16:16:38.107,142.119141,154.160156,157.587891,1617,1754,1793
2025-10-25T16:16:38.155,143.701172,153.369141,158.378906,1635,1745,1802
2025-10-25T16:16:38.203,144.755859,152.314453,159.873047,1647,1733,1819
2025-10-25T16:16:38.251,146.074219,150.644531,161.718750,1662,1714,1840
2025-10-25T16:16:38.299,147.128906,148.271484,164.003906,1674,1687,1866
2025-10-25T16:16:38.347,148.535156,145.986328,166.376953,1690,1661,1893
2025-10-25T16:16:38.395,150.292969,143.964844,168.398438,1710,1638,1916
2025-10-25T16:16:38.443,152.929688,142.734375,169.541016,1740,1624,1929
2025-10-25T16:16:38.491,156.181641,142.470703,169.628906,1777,1621,1930
2025-10-25T16:16:38.539,160.312500,142.470703,169.628906,1824,1621,1930
2025-10-25T16:16:38.587,164.882812,142.470703,169.628906,1876,1621,1930
2025-10-25T16:16:38.635,169.277344,142.470703,169.628906,1926,1621,1930
2025-10-25T16:16:38.683,173.759766,142.558594,169.628906,1977,1622,1930
2025-10-25T16:16:38.731,177.978516,142.646484,169.628906,2025,1623,1930
2025-10-25T16:16:38.779,182.109375,142.646484,169.628906,2072,1623,1930
2025-10-25T16:16:38.827,185.712891,142.734375,169.628906,2113,1624,1930
2025-10-25T16:16:38.875,189.228516,142.734375,169.628906,2153,1624,1930
2025-10-25T16:16:38.923,192.568359,142.734375,169.628906,2191,1624,1930
2025-10-25T16:16:38.971,195.644531,142.822266,169.628906,2226,1625,1930
2025-10-25T16:16:39.019,198.457031,142.822266,169.628906,2258,1625,1930
2025-10-25T16:16:39.067,201.093750,142.822266,169.628906,2288,1625,1930
2025-10-25T16:16:39.115,203.466797,142.822266,169.628906,2315,1625,1930
2025-10-25T16:16:39.163,205.664062,142.998047,169.628906,2340,1627,1930
2025-10-25T16:16:39.211,207.773438,142.910156,169.628906,2364,1626,1930
2025-10-25T16:16:39.259,209.794922,142.910156,169.628906,2387,1626,1930
2025-10-25T16:16:39.307,211.728516,142.910156,169.628906,2409,1626,1930
2025-10-25T16:16:39.355,213.398438,142.910156,169.716797,2428,1626,1931
2025-10-25T16:16:39.403,214.892578,142.910156,169.716797,2445,1626,1931
2025-10-25T16:16:39.451,216.210938,142.910156,169.716797,2460,1626,1931
2025-10-25T16:16:39.499,217.353516,142.910156,169.716797,2473,1626,1931
2025-10-25T16:16:39.547,218.408203,142.998047,169.716797,2485,1627,1931
2025-10-25T16:16:39.595,219.462891,143.085938,169.716797,2497,1628,1931
2025-10-25T16:16:39.643,220.517578,143.261719,169.716797,2509,1630,1931
2025-10-25T16:16:39.691,221.835938,143.525391,169.716797,2524,1633,1931
2025-10-25T16:16:39.739,223.066406,143.876953,169.716797,2538,1637,1931
2025-10-25T16:16:39.787,223.769531,144.492188,169.716797,2546,1644,1931
2025-10-25T16:16:39.835,224.121094,145.546875,169.716797,2550,1656,1931
2025-10-25T16:16:39.883,224.033203,146.953125,169.804688,2549,1672,1932
2025-10-25T16:16:39.931,223.769531,149.238281,169.804688,2546,1698,1932
2025-10-25T16:16:39.979,223.417969,152.226562,169.892578,2542,1732,1933
2025-10-25T16:16:40.027,223.066406,155.830078,169.804688,2538,1773,1932
2025-10-25T16:16:40.075,222.626953,159.873047,169.804688,2533,1819,1932
2025-10-25T16:16:40.123,222.187500,164.003906,169.892578,2528,1866,1933
2025-10-25T16:16:40.171,221.572266,168.134766,170.156250,2521,1913,1936
2025-10-25T16:16:40.219,220.781250,171.826172,170.947266,2512,1955,1945
2025-10-25T16:16:40.267,219.902344,175.341797,172.265625,2502,1995,1960
2025-10-25T16:16:40.315,219.111328,178.330078,174.023438,2493,2029,1980
2025-10-25T16:16:40.363,218.232422,180.878906,175.957031,2483,2058,2002
2025-10-25T16:16:40.411,217.441406,182.900391,177.802734,2474,2081,2023
2025-10-25T16:16:40.459,216.562500,184.482422,178.857422,2464,2099,2035
2025-10-25T16:16:40.507,215.683594,185.625000,179.384766,2454,2112,2041
2025-10-25T16:16:40.555,214.716797,186.328125,179.736328,2443,2120,2045
2025-10-25T16:16:40.603,213.750000,186.855469,180.000000,2432,2126,2048
2025-10-25T16:16:40.651,212.783203,187.207031,180.439453,2421,2130,2053
2025-10-25T16:16:40.699,211.552734,187.558594,181.318359,2407,2134,2063
2025-10-25T16:16:40.747,210.234375,188.085938,182.373047,2392,2140,2075
2025-10-25T16:16:40.795,208.916016,188.789062,183.427734,2377,2148,2087
2025-10-25T16:16:40.843,207.421875,189.580078,183.955078,2360,2157,2093
2025-10-25T16:16:40.891,205.839844,190.722656,183.955078,2342,2170,2093
2025-10-25T16:16:40.939,204.345703,191.953125,183.955078,2325,2184,2093
2025-10-25T16:16:40.987,202.939453,193.007812,183.955078,2309,2196,2093
2025-10-25T16:16:41.035,201.445312,193.886719,183.955078,2292,2206,2093
2025-10-25T16:16:41.083,199.687500,194.501953,183.955078,2272,2213,2093
2025-10-25T16:16:41.131,197.666016,194.677734,183.955078,2249,2215,2093
2025-10-25T16:16:41.179,195.732422,194.677734,183.955078,2227,2215,2093
2025-10-25T16:16:41.227,193.359375,194.677734,183.955078,2200,2215,2093
2025-10-25T16:16:41.275,190.986328,194.677734,183.955078,2173,2215,2093
2025-10-25T16:16:41.323,188.261719,194.677734,183.955078,2142,2215,2093
2025-10-25T16:16:41.371,185.449219,194.677734,183.955078,2110,2215,2093
2025-10-25T16:16:41.419,182.900391,194.677734,183.955078,2081,2215,2093
2025-10-25T16:16:41.467,180.439453,194.677734,183.955078,2053,2215,2093
2025-10-25T16:16:41.515,178.242188,194.677734,183.955078,2028,2215,2093
2025-10-25T16:16:41.563,176.308594,194.677734,183.955078,2006,2215,2093
2025-10-25T16:16:41.611,174.550781,194.677734,183.955078,1986,2215,2093
2025-10-25T16:16:41.659,172.880859,194.677734,183.955078,1967,2215,2093
2025-10-25T16:16:41.707,171.123047,194.677734,183.955078,1947,2215,2093
2025-10-25T16:16:41.755,169.189453,194.677734,183.955078,1925,2215,2093
2025-10-25T16:16:41.803,167.255859,194.677734,183.955078,1903,2215,2093
2025-10-25T16:16:41.851,165.234375,194.677734,183.955078,1880,2215,2093
2025-10-25T16:16:41.899,163.037109,194.677734,183.955078,1855,2215,2093
2025-10-25T16:16:41.947,160.576172,194.677734,183.955078,1827,2215,2093
2025-10-25T16:16:41.995,157.851562,194.677734,183.955078,1796,2215,2093
2025-10-25T16:16:42.043,154.863281,194.677734,183.955078,1762,2215,2093
2025-10-25T16:16:42.091,151.875000,194.677734,183.955078,1728,2215,2093
2025-10-25T16:16:42.139,148.974609,194.677734,183.955078,1695,2215,2093
2025-10-25T16:16:42.187,146.162109,194.677734,183.955078,1663,2215,2093
2025-10-25T16:16:42.235,143.701172,194.677734,183.955078,1635,2215,2093
2025-10-25T16:16:42.283,141.064453,194.677734,183.955078,1605,2215,2093
2025-10-25T16:16:42.331,138.427734,194.589844,183.955078,1575,2214,2093
2025-10-25T16:16:42.379,135.966797,194.589844,183.955078,1547,2214,2093
2025-10-25T16:16:42.427,133.154297,194.589844,183.955078,1515,2214,2093
2025-10-25T16:16:42.475,130.429688,194.589844,183.955078,1484,2214,2093
2025-10-25T16:16:42.523,127.792969,194.589844,183.955078,1454,2214,2093
2025-10-25T16:16:42.571,124.980469,194.677734,183.955078,1422,2215,2093
2025-10-25T16:16:42.619,122.519531,194.677734,183.955078,1394,2215,2093
2025-10-25T16:16:42.667,120.410156,194.677734,183.867188,1370,2215,2092
2025-10-25T16:16:42.715,118.037109,194.677734,183.867188,1343,2215,2092
2025-10-25T16:16:42.763,115.751953,194.677734,183.955078,1317,2215,2093
2025-10-25T16:16:42.811,113.994141,194.677734,183.867188,1297,2215,2092
2025-10-25T16:16:42.859,112.236328,194.677734,183.603516,1277,2215,2089
2025-10-25T16:16:42.907,111.269531,194.677734,183.515625,1266,2215,2088
2025-10-25T16:16:42.955,110.390625,194.150391,183.427734,1256,2209,2087
2025-10-25T16:16:43.003,110.302734,194.062500,183.339844,1255,2208,2086
2025-10-25T16:16:43.051,110.654297,193.974609,183.339844,1259,2207,2086
2025-10-25T16:16:43.099,111.269531,193.886719,183.339844,1266,2206,2086
2025-10-25T16:16:43.147,112.500000,193.447266,183.251953,1280,2201,2085
2025-10-25T16:16:43.195,114.082031,192.568359,183.164062,1298,2191,2084
2025-10-25T16:16:43.243,116.015625,190.898438,182.636719,1320,2172,2078
2025-10-25T16:16:43.291,117.949219,188.525391,181.318359,1342,2145,2063
2025-10-25T16:16:43.339,119.531250,185.361328,179.033203,1360,2109,2037
2025-10-25T16:16:43.387,120.937500,181.494141,175.869141,1376,2065,2001
2025-10-25T16:16:43.435,121.992188,176.923828,172.353516,1388,2013,1961
2025-10-25T16:16:43.483,122.695312,172.089844,168.662109,1396,1958,1919
2025-10-25T16:16:43.531,123.134766,166.904297,165.673828,1401,1899,1885
2025-10-25T16:16:43.579,123.398438,162.158203,163.388672,1404,1845,1859
2025-10-25T16:16:43.627,123.837891,157.851562,161.806641,1409,1796,1841
2025-10-25T16:16:43.675,124.277344,154.248047,160.927734,1414,1755,1831
2025-10-25T16:16:43.723,124.980469,151.787109,160.751953,1422,1727,1829
2025-10-25T16:16:43.771,126.298828,150.556641,161.279297,1437,1713,1835
2025-10-25T16:16:43.819,127.880859,150.468750,161.279297,1455,1712,1835
2025-10-25T16:16:43.867,129.462891,150.556641,161.279297,1473,1713,1835
2025-10-25T16:16:43.915,131.308594,150.556641,161.367188,1494,1713,1836
2025-10-25T16:16:43.963,133.417969,150.380859,161.630859,1518,1711,1839
2025-10-25T16:16:44.011,136.054688,150.029297,161.982422,1548,1707,1843
2025-10-25T16:16:44.059,139.218750,150.029297,161.982422,1584,1707,1843
2025-10-25T16:16:44.107,142.822266,150.029297,161.982422,1625,1707,1843
2025-10-25T16:16:44.155,146.337891,150.117188,161.982422,1665,1708,1843
2025-10-25T16:16:44.203,149.501953,150.117188,161.982422,1701,1708,1843
2025-10-25T16:16:44.251,152.578125,150.117188,161.982422,1736,1708,1843
2025-10-25T16:16:44.299,155.214844,150.117188,161.982422,1766,1708,1843
2025-10-25T16:16:44.347,157.587891,150.117188,161.982422,1793,1708,1843
2025-10-25T16:16:44.395,159.873047,150.205078,161.982422,1819,1709,1843
2025-10-25T16:16:44.443,161.894531,150.205078,161.982422,1842,1709,1843
2025-10-25T16:16:44.491,164.003906,150.205078,161.982422,1866,1709,1843
2025-10-25T16:16:44.539,165.761719,150.292969,161.982422,1886,1710,1843
2025-10-25T16:16:44.587,167.519531,150.292969,161.982422,1906,1710,1843
2025-10-25T16:16:44.635,169.453125,150.380859,161.982422,1928,1711,1843
2025-10-25T16:16:44.683,171.298828,150.468750,161.982422,1949,1712,1843
2025-10-25T16:16:44.731,173.056641,150.468750,161.982422,1969,1712,1843
2025-10-25T16:16:44.779,174.638672,150.468750,161.982422,1987,1712,1843
2025-10-25T16:16:44.827,176.308594,150.468750,161.982422,2006,1712,1843
2025-10-25T16:16:44.875,177.890625,150.468750,161.982422,2024,1712,1843
2025-10-25T16:16:44.923,179.736328,150.468750,161.982422,2045,1712,1843
2025-10-25T16:16:44.971,181.845703,150.556641,161.982422,2069,1713,1843
2025-10-25T16:16:45.019,184.042969,150.468750,161.982422,2094,1712,1843
2025-10-25T16:16:45.067,186.328125,150.556641,161.982422,2120,1713,1843
2025-10-25T16:16:45.115,188.525391,150.468750,161.982422,2145,1712,1843
2025-10-25T16:16:45.163,190.810547,150.556641,161.982422,2171,1713,1843
2025-10-25T16:16:45.211,193.007812,150.468750,161.982422,2196,1712,1843
2025-10-25T16:16:45.259,195.468750,150.468750,161.982422,2224,1712,1843
2025-10-25T16:16:45.307,197.490234,150.556641,161.982422,2247,1713,1843
2025-10-25T16:16:45.355,199.511719,150.468750,161.982422,2270,1712,1843
2025-10-25T16:16:45.403,201.445312,150.468750,161.982422,2292,1712,1843
2025-10-25T16:16:45.451,203.466797,150.556641,161.982422,2315,1713,1843
2025-10-25T16:16:45.499,205.224609,150.556641,161.982422,2335,1713,1843
2025-10-25T16:16:45.547,206.806641,150.556641,161.982422,2353,1713,1843
2025-10-25T16:16:45.595,208.212891,150.556641,161.982422,2369,1713,1843
2025-10-25T16:16:45.643,209.355469,150.556641,162.158203,2382,1713,1845
2025-10-25T16:16:45.691,210.322266,150.644531,162.509766,2393,1714,1849
2025-10-25T16:16:45.739,211.025391,150.908203,163.037109,2401,1717,1855
2025-10-25T16:16:45.787,211.728516,151.523438,164.003906,2409,1724,1866
2025-10-25T16:16:45.835,212.167969,152.841797,165.585938,2414,1739,1884
2025-10-25T16:16:45.883,212.519531,155.039062,167.871094,2418,1764,1910
2025-10-25T16:16:45.931,212.695312,158.027344,170.419922,2420,1798,1939
2025-10-25T16:16:45.979,212.695312,161.542969,172.705078,2420,1838,1965
2025-10-25T16:16:46.027,212.431641,165.322266,174.462891,2417,1881,1985
2025-10-25T16:16:46.075,212.080078,169.365234,175.781250,2413,1927,2000
2025-10-25T16:16:46.123,211.464844,173.408203,177.011719,2406,1973,2014
2025-10-25T16:16:46.171,211.025391,177.363281,178.154297,2401,2018,2027
2025-10-25T16:16:46.219,210.498047,181.142578,179.208984,2395,2061,2039
2025-10-25T16:16:46.267,209.970703,184.570312,180.175781,2389,2100,2050
2025-10-25T16:16:46.315,209.443359,187.822266,181.318359,2383,2137,2063
2025-10-25T16:16:46.363,208.828125,190.458984,182.373047,2376,2167,2075
2025-10-25T16:16:46.411,208.125000,192.744141,183.339844,2368,2193,2086
2025-10-25T16:16:46.459,207.421875,194.326172,184.218750,2360,2211,2096
2025-10-25T16:16:46.507,206.542969,195.468750,184.570312,2350,2224,2100
2025-10-25T16:16:46.555,205.400391,195.908203,184.658203,2337,2229,2101
2025-10-25T16:16:46.603,204.169922,195.996094,184.658203,2323,2230,2101
2025-10-25T16:16:46.650,202.675781,195.908203,184.658203,2306,2229,2101
2025-10-25T16:16:46.698,201.005859,195.996094,184.658203,2287,2230,2101
2025-10-25T16:16:46.746,199.072266,195.996094,184.658203,2265,2230,2101
2025-10-25T16:16:46.794,196.787109,195.908203,184.658203,2239,2229,2101
2025-10-25T16:16:46.842,194.589844,195.996094,184.658203,2214,2230,2101
2025-10-25T16:16:46.890,191.865234,195.996094,184.658203,2183,2230,2101
2025-10-25T16:16:46.938,189.052734,195.996094,184.658203,2151,2230,2101
2025-10-25T16:16:46.986,186.152344,195.996094,184.658203,2118,2230,2101
2025-10-25T16:16:47.034,183.164062,195.996094,184.658203,2084,2230,2101
2025-10-25T16:16:47.082,180.000000,195.996094,184.658203,2048,2230,2101
2025-10-25T16:16:47.130,176.923828,195.908203,184.658203,2013,2229,2101
2025-10-25T16:16:47.178,173.847656,195.996094,184.658203,1978,2230,2101
2025-10-25T16:16:47.226,170.771484,195.996094,184.658203,1943,2230,2101
2025-10-25T16:16:47.274,167.783203,195.996094,184.658203,1909,2230,2101
2025-10-25T16:16:47.322,164.882812,195.996094,184.658203,1876,2230,2101
2025-10-25T16:16:47.370,162.158203,195.908203,184.658203,1845,2229,2101
2025-10-25T16:16:47.418,159.609375,195.996094,184.658203,1816,2230,2101
2025-10-25T16:16:47.466,156.972656,195.996094,184.658203,1786,2230,2101
2025-10-25T16:16:47.514,154.423828,195.996094,184.658203,1757,2230,2101
2025-10-25T16:16:47.562,152.050781,195.996094,184.658203,1730,2230,2101
2025-10-25T16:16:47.610,149.853516,195.908203,184.658203,1705,2229,2101
2025-10-25T16:16:47.658,148.007812,195.908203,184.658203,1684,2229,2101
2025-10-25T16:16:47.706,146.425781,195.908203,184.658203,1666,2229,2101
2025-10-25T16:16:47.754,145.107422,195.908203,184.658203,1651,2229,2101
2025-10-25T16:16:47.802,143.964844,195.908203,184.570312,1638,2229,2100
2025-10-25T16:16:47.850,142.470703,195.908203,184.658203,1621,2229,2101
2025-10-25T16:16:47.898,140.976562,195.908203,184.658203,1604,2229,2101
2025-10-25T16:16:47.946,139.218750,195.908203,184.658203,1584,2229,2101
2025-10-25T16:16:47.994,137.021484,195.820312,184.658203,1559,2228,2101
2025-10-25T16:16:48.042,134.824219,195.820312,184.658203,1534,2228,2101
2025-10-25T16:16:48.090,132.451172,195.556641,184.658203,1507,2225,2101
2025-10-25T16:16:48.138,130.166016,195.556641,184.658203,1481,2225,2101
2025-10-25T16:16:48.186,128.232422,195.468750,184.218750,1459,2224,2096
2025-10-25T16:16:48.234,126.826172,195.380859,184.130859,1443,2223,2095
2025-10-25T16:16:48.282,125.859375,195.380859,184.042969,1432,2223,2094
2025-10-25T16:16:48.330,125.507812,195.292969,184.042969,1428,2222,2094
2025-10-25T16:16:48.378,125.244141,195.292969,183.955078,1425,2222,2093
2025-10-25T16:16:48.426,125.332031,194.853516,183.779297,1426,2217,2091
2025-10-25T16:16:48.474,125.244141,194.150391,183.339844,1425,2209,2086
2025-10-25T16:16:48.522,125.068359,192.832031,182.548828,1423,2194,2077
2025-10-25T16:16:48.570,124.980469,191.074219,180.878906,1422,2174,2058
2025-10-25T16:16:48.618,124.892578,188.525391,178.330078,1421,2145,2029
2025-10-25T16:16:48.666,124.892578,185.625000,175.429688,1421,2112,1996
2025-10-25T16:16:48.714,124.980469,182.109375,172.353516,1422,2072,1961
2025-10-25T16:16:48.762,125.244141,177.978516,169.453125,1425,2025,1928
2025-10-25T16:16:48.810,125.419922,173.583984,167.343750,1427,1975,1904
2025-10-25T16:16:48.858,125.683594,169.101562,165.849609,1430,1924,1887
2025-10-25T16:16:48.906,125.947266,164.970703,164.970703,1433,1877,1877
2025-10-25T16:16:48.954,126.123047,161.279297,164.619141,1435,1835,1873
2025-10-25T16:16:49.002,126.298828,158.027344,164.619141,1437,1798,1873
2025-10-25T16:16:49.050,126.386719,155.039062,164.619141,1438,1764,1873
2025-10-25T16:16:49.098,126.562500,152.490234,164.619141,1440,1735,1873
2025-10-25T16:16:49.146,126.914062,150.380859,164.619141,1444,1711,1873
2025-10-25T16:16:49.194,127.529297,148.623047,164.619141,1451,1691,1873
2025-10-25T16:16:49.242,128.408203,147.480469,164.619141,1461,1678,1873
2025-10-25T16:16:49.290,129.375000,147.216797,164.619141,1472,1675,1873
2025-10-25T16:16:49.338,130.429688,147.216797,164.619141,1484,1675,1873
2025-10-25T16:16:49.386,131.220703,147.128906,164.707031,1493,1674,1874
2025-10-25T16:16:49.434,131.923828,147.216797,164.794922,1501,1675,1875
2025-10-25T16:16:49.482,133.066406,147.128906,164.882812,1514,1674,1876
2025-10-25T16:16:49.530,134.384766,147.128906,164.970703,1529,1674,1877
2025-10-25T16:16:49.578,136.230469,147.128906,165.058594,1550,1674,1878
2025-10-25T16:16:49.626,138.427734,147.128906,165.058594,1575,1674,1878
2025-10-25T16:16:49.674,140.712891,147.128906,165.058594,1601,1674,1878
2025-10-25T16:16:49.722,143.085938,147.128906,165.058594,1628,1674,1878
2025-10-25T16:16:49.770,145.283203,147.041016,165.058594,1653,1673,1878
2025-10-25T16:16:49.818,147.568359,147.128906,165.058594,1679,1674,1878
2025-10-25T16:16:49.866,149.765625,147.128906,165.146484,1704,1674,1879
2025-10-25T16:16:49.914,151.875000,147.128906,165.146484,1728,1674,1879
2025-10-25T16:16:49.962,153.896484,147.128906,165.146484,1751,1674,1879
2025-10-25T16:16:50.010,156.005859,147.128906,165.146484,1775,1674,1879
2025-10-25T16:16:50.058,158.115234,147.128906,165.146484,1799,1674,1879
2025-10-25T16:16:50.106,160.488281,147.128906,165.146484,1826,1674,1879
2025-10-25T16:16:50.154,163.125000,147.128906,165.146484,1856,1674,1879
2025-10-25T16:16:50.202,165.498047,147.128906,165.234375,1883,1674,1880
2025-10-25T16:16:50.250,167.343750,147.128906,165.234375,1904,1674,1880
2025-10-25T16:16:50.298,168.837891,147.128906,165.234375,1921,1674,1880
2025-10-25T16:16:50.346,169.716797,147.128906,165.234375,1931,1674,1880
2025-10-25T16:16:50.394,170.244141,147.128906,165.146484,1937,1674,1879
2025-10-25T16:16:50.442,170.332031,147.128906,165.146484,1938,1674,1879
2025-10-25T16:16:50.490,169.716797,147.128906,165.234375,1931,1674,1880
2025-10-25T16:16:50.538,168.662109,147.128906,165.146484,1919,1674,1879
2025-10-25T16:16:50.586,167.255859,147.128906,165.146484,1903,1674,1879
2025-10-25T16:16:50.634,166.201172,147.128906,165.146484,1891,1674,1879
2025-10-25T16:16:50.682,165.410156,147.480469,164.794922,1882,1678,1875
2025-10-25T16:16:50.730,164.882812,147.656250,164.794922,1876,1680,1875
2025-10-25T16:16:50.778,164.794922,147.656250,164.794922,1875,1680,1875
2025-10-25T16:16:50.826,164.794922,147.656250,164.794922,1875,1680,1875
2025-10-25T16:16:50.874,164.707031,147.656250,164.794922,1874,1680,1875
2025-10-25T16:16:50.922,164.619141,147.656250,164.707031,1873,1680,1874
2025-10-25T16:16:50.970,164.619141,147.656250,164.707031,1873,1680,1874
2025-10-25T16:16:51.018,164.619141,147.656250,164.707031,1873,1680,1874
2025-10-25T16:16:51.066,164.619141,147.656250,164.707031,1873,1680,1874
2025-10-25T16:16:51.114,164.707031,147.656250,164.707031,1874,1680,1874
2025-10-25T16:16:51.162,164.707031,147.656250,164.707031,1874,1680,1874
2025-10-25T16:16:51.210,164.794922,147.656250,164.707031,1875,1680,1874
2025-10-25T16:16:51.258,164.882812,147.656250,164.707031,1876,1680,1874
2025-10-25T16:16:51.306,164.882812,147.656250,164.707031,1876,1680,1874
2025-10-25T16:16:51.354,164.882812,147.656250,164.707031,1876,1680,1874
2025-10-25T16:16:51.402,164.882812,147.656250,164.707031,1876,1680,1874
2025-10-25T16:16:51.450,164.882812,147.656250,164.707031,1876,1680,1874
2025-10-25T16:16:51.498,164.882812,147.656250,164.707031,1876,1680,1874
2025-10-25T16:16:51.546,164.882812,147.656250,164.707031,1876,1680,1874
2025-10-25T16:16:51.594,164.882812,147.656250,164.707031,1876,1680,1874
2025-10-25T16:16:51.642,164.882812,147.656250,164.707031,1876,1680,1874
2025-10-25T16:16:51.690,164.882812,147.656250,164.707031,1876,1680,1874
2025-10-25T16:16:51.738,164.882812,147.656250,164.707031,1876,1680,1874
2025-10-25T16:16:51.786,164.882812,147.656250,164.707031,1876,1680,1874
2025-10-25T16:16:51.834,164.882812,147.656250,164.707031,1876,1680,1874
2025-10-25T16:16:51.882,164.882812,147.744141,164.707031,1876,1681,1874
2025-10-25T16:16:51.930,164.882812,147.744141,164.707031,1876,1681,1874
2025-10-25T16:16:51.978,164.882812,147.744141,164.707031,1876,1681,1874
2025-10-25T16:16:52.026,164.882812,147.744141,164.707031,1876,1681,1874
2025-10-25T16:16:52.074,164.882812,147.656250,164.707031,1876,1680,1874
2025-10-25T16:16:52.122,164.882812,147.744141,164.707031,1876,1681,1874
2025-10-25T16:16:52.170,164.882812,147.744141,164.707031,1876,1681,1874
2025-10-25T16:16:52.218,164.882812,147.656250,164.707031,1876,1680,1874
2025-10-25T16:16:52.266,164.882812,147.744141,164.707031,1876,1681,1874
2025-10-25T16:16:52.314,164.882812,147.656250,164.707031,1876,1680,1874
2025-10-25T16:16:52.362,164.882812,147.656250,164.707031,1876,1680,1874
2025-10-25T16:16:52.410,164.882812,147.656250,164.707031,1876,1680,1874
2025-10-25T16:16:52.458,164.882812,147.744141,164.707031,1876,1681,1874
2025-10-25T16:16:52.506,164.882812,147.744141,164.707031,1876,1681,1874
2025-10-25T16:16:52.554,164.882812,147.656250,164.707031,1876,1680,1874
2025-10-25T16:16:52.602,164.882812,147.656250,164.707031,1876,1680,1874
2025-10-25T16:16:52.650,164.882812,147.656250,164.707031,1876,1680,1874
2025-10-25T16:16:52.698,164.882812,147.656250,164.707031,1876,1680,1874
2025-10-25T16:16:52.746,164.882812,147.656250,164.707031,1876,1680,1874
2025-10-25T16:16:52.794,164.882812,147.656250,164.707031,1876,1680,1874
2025-10-25T16:16:52.842,164.882812,147.656250,164.707031,1876,1680,1874
2025-10-25T16:16:52.890,164.882812,147.656250,164.707031,1876,1680,1874
2025-10-25T16:16:52.938,164.882812,147.656250,164.707031,1876,1680,1874
2025-10-25T16:16:52.986,164.882812,147.656250,164.707031,1876,1680,1874
2025-10-25T16:16:53.034,164.882812,147.656250,164.707031,1876,1680,1874
2025-10-25T16:16:53.082,164.882812,147.656250,164.707031,1876,1680,1874
2025-10-25T16:16:53.130,164.882812,147.656250,164.707031,1876,1680,1874
2025-10-25T16:16:53.178,164.882812,147.656250,164.707031,1876,1680,1874
2025-10-25T16:16:53.226,164.882812,147.656250,164.707031,1876,1680,1874
2025-10-25T16:16:53.274,164.794922,147.656250,164.707031,1875,1680,1874
2025-10-25T16:16:53.322,164.882812,147.656250,164.707031,1876,1680,1874
2025-10-25T16:16:53.370,164.882812,147.656250,164.707031,1876,1680,1874
2025-10-25T16:16:53.418,164.882812,147.744141,164.707031,1876,1681,1874
2025-10-25T16:16:53.466,164.882812,147.656250,164.707031,1876,1680,1874
2025-10-25T16:16:53.514,164.882812,147.744141,164.707031,1876,1681,1874
2025-10-25T16:16:53.562,164.882812,147.656250,164.707031,1876,1680,1874
2025-10-25T16:16:53.610,164.882812,147.656250,164.707031,1876,1680,1874
2025-10-25T16:16:53.658,164.882812,147.656250,164.707031,1876,1680,1874
2025-10-25T16:16:53.706,164.882812,147.744141,164.707031,1876,1681,1874
2025-10-25T16:16:53.754,164.882812,147.656250,164.707031,1876,1680,1874
2025-10-25T16:16:53.802,164.882812,147.744141,164.707031,1876,1681,1874
2025-10-25T16:16:53.850,164.882812,147.656250,164.707031,1876,1680,1874
2025-10-25T16:16:53.898,164.882812,147.744141,164.707031,1876,1681,1874
2025-10-25T16:16:53.946,164.882812,147.744141,164.707031,1876,1681,1874
2025-10-25T16:16:53.994,164.882812,147.656250,164.707031,1876,1680,1874
2025-10-25T16:16:54.042,164.882812,147.656250,164.707031,1876,1680,1874
2025-10-25T16:16:54.090,164.882812,147.744141,164.707031,1876,1681,1874
2025-10-25T16:16:54.138,164.882812,147.656250,164.707031,1876,1680,1874
2025-10-25T16:16:54.186,164.882812,147.656250,164.707031,1876,1680,1874
2025-10-25T16:16:54.234,164.882812,147.656250,164.707031,1876,1680,1874
2025-10-25T16:16:54.282,164.882812,147.656250,164.707031,1876,1680,1874
2025-10-25T16:16:54.330,164.882812,147.744141,164.707031,1876,1681,1874
2025-10-25T16:16:54.378,164.882812,147.656250,164.707031,1876,1680,1874
2025-10-25T16:16:54.426,164.882812,147.656250,164.707031,1876,1680,1874
2025-10-25T16:16:54.474,164.882812,147.656250,164.707031,1876,1680,1874
2025-10-25T16:16:54.522,164.882812,147.744141,164.707031,1876,1681,1874
2025-10-25T16:16:54.570,164.882812,147.744141,164.707031,1876,1681,1874
2025-10-25T16:16:54.618,164.882812,147.744141,164.707031,1876,1681,1874
2025-10-25T16:16:54.666,164.882812,147.744141,164.707031,1876,1681,1874
2025-10-25T16:16:54.714,164.882812,147.656250,164.707031,1876,1680,1874
2025-10-25T16:16:54.762,164.882812,147.744141,164.707031,1876,1681,1874
2025-10-25T16:16:54.810,164.882812,147.656250,164.707031,1876,1680,1874
2025-10-25T16:16:54.858,164.882812,147.656250,164.707031,1876,1680,1874
2025-10-25T16:16:54.906,164.882812,147.744141,164.707031,1876,1681,1874
2025-10-25T16:16:54.954,164.882812,147.656250,164.707031,1876,1680,1874
2025-10-25T16:16:55.002,164.882812,147.744141,164.707031,1876,1681,1874
2025-10-25T16:16:55.050,164.882812,147.656250,164.707031,1876,1680,1874
2025-10-25T16:16:55.098,164.882812,147.656250,164.707031,1876,1680,1874
2025-10-25T16:16:55.146,164.882812,147.656250,164.707031,1876,1680,1874
2025-10-25T16:16:55.194,164.882812,147.656250,164.707031,1876,1680,1874
2025-10-25T16:16:55.242,164.882812,147.656250,164.707031,1876,1680,1874
2025-10-25T16:16:55.290,164.882812,147.656250,164.707031,1876,1680,1874
2025-10-25T16:16:55.338,164.882812,147.656250,164.707031,1876,1680,1874
2025-10-25T16:16:55.386,164.882812,147.656250,164.707031,1876,1680,1874
2025-10-25T16:16:55.434,164.882812,147.744141,164.707031,1876,1681,1874
2025-10-25T16:16:55.482,164.882812,147.744141,164.707031,1876,1681,1874
2025-10-25T16:16:55.530,164.882812,147.744141,164.707031,1876,1681,1874
